sequence,CLICK_UCSC,RP3_Default,RP3_MM_Amb,RP3_Amb,RP3_MM,RiboCode,Database,gene_name,gene_symbol,protein_length,start_codon,smorf_type,total_unique_spectral_counts,total_razor_spectral_counts,mean_phylocsf
MPLMFMWGVNHEKYENNLKILSSASYTTYYLALLAKVIHDNFGTMEGLMTTAYAITTTPKTMGAPSWKRWQDGHRALQNIISASTCTAKAVGKVIPKLNGSSLAWCSISPPLCHFGPDLPSGET,"=HYPERLINK(""https://genome.ucsc.edu/cgi-bin/hgTracks?db=hg38&position=chr2:3688233-3688610"", ""chr2:3688233-3688610"")",0.1519595940442922,7.483787591541742,0.116139553673869,9.79145661592966,True,Salk,GAPDHP48,ENST00000436626.1-chr2:3688236-3688607_F:2_P:7_M,124.0,ATG,psORF,26.0,26.0,-3.899
MPILRLGTWKSPPGQVTEAMKMAIGIGYHHTDCTYTRTSMRCRWPRRSSGSRW,"=HYPERLINK(""https://genome.ucsc.edu/cgi-bin/hgTracks?db=hg38&position=chr13:45688275-45688439"", ""chr13:45688275-45688439"")",0.0,1.1737535772402403,0.0,1.54930527345037,False,Salk,AKR1B1P4,ENST00000426552.1-chr13:45688278-45688436_F:2_P:0_M,53.0,ATG,psORF,1.0,1.0,
MPIYPRPYEKGRLIIEFKVNLPENDFLSPDKLSLLEKLLPKRKEVEETDEMDQVELVDFDPNQERWHHYNGEAYEDDEHHPRGGVRCQTS,"=HYPERLINK(""https://genome.ucsc.edu/cgi-bin/hgTracks?db=hg38&position=chrX:107351650-107351925"", ""chrX:107351650-107351925"")",0.1182316533417713,44.6916657944858,0.0861752705691547,57.262757310896845,True,Salk,DNAJA1P3,ENST00000399417.3-chrX:107351653-107351922_F:0_P:7_M,90.0,ATG,psORF,1.0,1.0,-4.625
MPKGCLELMKETGVQIARRHAVVVGCSKIVRALMRDLLLWNNATVTTCHSKTANLDEEVNKGDILVVATGRPEMVKGEWIKPSNSHQLWNQLCPR,"=HYPERLINK(""https://genome.ucsc.edu/cgi-bin/hgTracks?db=hg38&position=chrX:57394690-57394980"", ""chrX:57394690-57394980"")",0.0,0.2028404718668535,0.0,0.2565292653456016,False,Salk,MTHFD1P1,ENST00000413059.1-chrX:57394693-57394977_F:0_P:6_M,95.0,ATG,psORF,1.0,1.0,
MPKTISVRVTTMDAELEFTIQPNTTGKQLFDQVVKTIGLREVCFFGLQYQDTKGFSTWLKLN,"=HYPERLINK(""https://genome.ucsc.edu/cgi-bin/hgTracks?db=hg38&position=chr5:25909500-25909691"", ""chr5:25909500-25909691"")",0.0,4.695673993522876,0.0,6.171825906288662,False,Salk,MSNP1,ENST00000511640.1+chr5:25909503-25909688_F:0_P:0_M,62.0,ATG,psORF,20.0,32.0,-0.053
MPAPPPKENAWVKRSSNPPARSQSSDTEQQSPTSGEGKVAPAQPSEEGPARKDENKVDGMNVPKGQTGNSSRGPGDGGNKDHWKESDRKDGKKDQDSRSAPEPKKPEENPASKFSSASKYAALSVDGEDENEGEDYAE,"=HYPERLINK(""https://genome.ucsc.edu/cgi-bin/hgTracks?db=hg38&position=chr9:96147437-96147856"", ""chr9:96147437-96147856"")",0.0,51.25986135753642,0.0,20.083183404747583,True,Salk,EIF4BP3,ENST00000432132.2+chr9:96147440-96147853_F:2_P:34_M,138.0,ATG,psORF,4.0,7.0,-3.53
MPCFVTALSFYDKYRHEMLPANLIQAQRDSFGAHTYELLAKPGQFIHTNWTGHGGSVSSSSYNA,"=HYPERLINK(""https://genome.ucsc.edu/cgi-bin/hgTracks?db=hg38&position=chr18:31963424-31963621"", ""chr18:31963424-31963621"")",0.0,29.035779819832843,0.0,36.84192095841167,False,Salk,PGDP1,ENST00000581802.1+chr18:31963427-31963618_F:2_P:14_M,64.0,ATG,psORF,2.0,2.0,-3.185
MPCIITLLSSCTWGGLAAKVLVSGVPLGNEPACLTFVLSSPQDGVRTDIYRQLFHPEQLISGVEDAANNCARGHYTAGKEIIDLVLE,"=HYPERLINK(""https://genome.ucsc.edu/cgi-bin/hgTracks?db=hg38&position=chr1:202857659-202857925"", ""chr1:202857659-202857925"")",0.0,0.0,0.0,0.0,False,Salk,TUBA5P,ENST00000430114.2-chr1:202857662-202857922_F:0_P:4_M,87.0,ATG,psORF,26.0,26.0,-5.945
MPEETETQDKSMEEEEVETFTFQAEIAQLMSLIINTFYSKKEIFLRELISNSSDALDKI,"=HYPERLINK(""https://genome.ucsc.edu/cgi-bin/hgTracks?db=hg38&position=chr1:158523669-158523851"", ""chr1:158523669-158523851"")",0.0,12.878600349902662,0.0,16.405928441717734,False,Salk,HSP90AA3P,ENST00000436135.1+chr1:158523672-158523848_F:0_P:0_M,59.0,ATG,psORF,23.0,23.0,
MPGNRVQCCLYFIAPSGHGPLHN,"=HYPERLINK(""https://genome.ucsc.edu/cgi-bin/hgTracks?db=hg38&position=chr4:119461793-119462911"", ""chr4:119461793-119462911"")",0.0,20.307701145848192,0.0,26.33249118010167,True,Salk,SEPTIN7P14,ENST00000686002.1+chr4:119461796-119462908_F:2_P:4_M,23.0,ATG,psORF,2.0,2.0,
MQKSTQNHAAVFRVGSLLQEGCGKISKLYGDLKHLKTFDRGMVWNTDLVETLELQNLMLCALQTVNGAEAGKESRGAHAGEDYKVRIDEYDHSKPIQGQQKKPFEEHWRKHTLSYVDVSTGKVTVEYRPIIDKTLNEADCATVPPAIHSY,"=HYPERLINK(""https://genome.ucsc.edu/cgi-bin/hgTracks?db=hg38&position=chr3:195963335-195971334"", ""chr3:195963335-195971334"")",0.0,8.759591053658912,0.0,11.006704399328614,True,Salk,SDHAP1,ESPRESSO_chr3_21462_9-chr3:195963338-195971331_F:0_P:0_M,150.0,ATG,psORF,12.0,15.0,6.306
MPTGIKAVDSLVPIGRGQHELIIGDRRTGKTSIAIDTIINQKHFNDRSEEKKKLYCIYVAIGRKRSTVAQLVKRLTDADAVKYTTVVSAMASDAALLQYLAPYSDCSMGEYFRDDGKYTLIIYDDLSKQAVAYCQMSLLLHRPPWS,"=HYPERLINK(""https://genome.ucsc.edu/cgi-bin/hgTracks?db=hg38&position=chr16:72005692-72006135"", ""chr16:72005692-72006135"")",1.5089537674294968,52.86506842978513,1.166581521536811,67.64336866653197,True,Salk,ATP5F1AP3,ENST00000573189.2-chr16:72005695-72006132_F:0_P:5_M,146.0,ATG,psORF,388.0,388.0,
MMKQALEDPLKGILGHSEHQVVSSDFDSDTHSSTFNAGAGIALNNHFVKLISWYDDEFGYSNSMVDLMAHMASKE,"=HYPERLINK(""https://genome.ucsc.edu/cgi-bin/hgTracks?db=hg38&position=chr19:46559412-46559642"", ""chr19:46559412-46559642"")",0.5436480192409439,147.0007610780562,0.4059531391603604,191.7362306854546,False,Salk,GAPDHP38,ENST00000503632.1+chr19:46559415-46559639_F:0_P:5_M,75.0,ATG,psORF,1.0,1.0,
MMCLLTFQQMSFPSLTDRSWKQNCSTKISALPLTLGLSVSCVGSAAQTRTMKQAAGTMKLELAQDREVAAFAQFGSDLNAPTQQLLSRGVRLTELLKQGQYPPMVTEQQVAVICAGVRGYLDKLEPSKITKFENAFLSHVVSQR,"=HYPERLINK(""https://genome.ucsc.edu/cgi-bin/hgTracks?db=hg38&position=chr16:72005138-72005575"", ""chr16:72005138-72005575"")",0.0,42.30468409405522,0.0,54.32669648098607,False,Salk,ATP5F1AP3,ENST00000573189.2-chr16:72005141-72005572_F:1_P:31_M,144.0,ATG,psORF,39.0,39.0,-0.67
MLSNTTAIAEAWARLDHKFDLMYAKRAFVHWYVGEGMEEGEFSEAREDMAALEKDYEEVGVDSVEGEGEEEREEY,"=HYPERLINK(""https://genome.ucsc.edu/cgi-bin/hgTracks?db=hg38&position=chr11:90283773-90284003"", ""chr11:90283773-90284003"")",4.950255724802649,2420.5810433651404,4.025512954117423,3044.687964053153,True,Salk,TUBAP2,ENST00000530835.1+chr11:90283776-90284000_F:0_P:29_M,75.0,ATG,psORF,4264.0,16075.0,
MMAKNKEPCPPSYTISVVGLSGTEKDKGNCGVGKSCLCNRFARSKADKYYPEHTSVLSTIDFGGRVVNSDHFLYYWGDITQNGEVGVECKIHVI,"=HYPERLINK(""https://genome.ucsc.edu/cgi-bin/hgTracks?db=hg38&position=chr7:54933696-54933983"", ""chr7:54933696-54933983"")",0.0,1.601285755586859,0.0,2.1181970592217585,False,Salk,Unnamed,ENST00000407916.2+chr7:54933699-54933980_F:0_P:0_M,94.0,ATG,psORF,10.0,10.0,-0.798
MMVGMGQKDSNVGDEAQSKRGILTLKYPI,"=HYPERLINK(""https://genome.ucsc.edu/cgi-bin/hgTracks?db=hg38&position=chr10:69022877-69022969"", ""chr10:69022877-69022969"")",2.957042641529396,41.94100592384902,2.182055901748801,53.35362377007419,False,Salk,ACTBP14,ENST00000411655.1+chr10:69022880-69022966_F:2_P:1_M,29.0,ATG,psORF,27.0,111.0,
MNGLTLGGQKYTVVLDSLLQDGELTTDLRMKSIGGAPTFNVIVTMTAKTLGLLMGKEGIHGNFIDK,"=HYPERLINK(""https://genome.ucsc.edu/cgi-bin/hgTracks?db=hg38&position=chr1:120433694-120433897"", ""chr1:120433694-120433897"")",0.0,0.1204386842157863,0.0,0.1662419707974998,False,Salk,PFN1P2,ENST00000604437.2-chr1:120433697-120433894_F:1_P:1_M,66.0,ATG,psORF,15.0,15.0,
MNGSSTASTRCSLRRAHSSSPQSWWGKAHPDKICDQISEAVLDAHLQQNPDAKVACETVAKTGMILLAREITSRAAVD,"=HYPERLINK(""https://genome.ucsc.edu/cgi-bin/hgTracks?db=hg38&position=chr12:92858078-92858317"", ""chr12:92858078-92858317"")",0.0,1.5753788253437238,0.0,2.067721808333523,True,Salk,Unnamed,ENST00000551090.1+chr12:92858081-92858314_F:2_P:0_M,78.0,ATG,psORF,28.0,28.0,
MNHEKYDNNLKIISNVTCTTNCLAPLAKFIHDNFGVMEGLMATVHTSLPPRRLWIAPPGNYAMRVAGLSIMPFLHLLALSRLWEMSSLS,"=HYPERLINK(""https://genome.ucsc.edu/cgi-bin/hgTracks?db=hg38&position=chr1:119534082-119534354"", ""chr1:119534082-119534354"")",0.4149711530649803,2.7680629041462246,0.3099564163218027,3.573341770657001,True,Salk,GAPDHP32,ENST00000433816.1-chr1:119534085-119534351_F:2_P:9_M,89.0,ATG,psORF,135.0,135.0,
MSEKRKVGNNSSHFLQPNIRGPLFLCGDSELESLLSEVG,"=HYPERLINK(""https://genome.ucsc.edu/cgi-bin/hgTracks?db=hg38&position=chr13:18894077-18894199"", ""chr13:18894077-18894199"")",0.0,0.0,0.0,0.0,False,Salk,SNX19P2,ENST00000452841.1-chr13:18894080-18894196_F:1_P:8_M,39.0,ATG,psORF,5.0,5.0,
MSFTTPSTFSTNYQSLGSVQPPSYGTWPVSSAASIYAGTGGLGIPDLHVLFYQFLGRLGVWGPGHRDGWGSGRNGGHPE,"=HYPERLINK(""https://genome.ucsc.edu/cgi-bin/hgTracks?db=hg38&position=chr8:41511238-41511480"", ""chr8:41511238-41511480"")",0.0,0.0,0.0,0.0,False,Salk,KRT18P37,ENST00000520711.1+chr8:41511241-41511477_F:1_P:0_M,79.0,ATG,psORF,2.0,2.0,
MSGALEVLQMKEEDVLKFLAVATHSRWCQP,"=HYPERLINK(""https://genome.ucsc.edu/cgi-bin/hgTracks?db=hg38&position=chr8:110105872-110105967"", ""chr8:110105872-110105967"")",0.0,0.0,0.0,0.0,False,Salk,RPSAP48,ENST00000466509.1-chr8:110105875-110105964_F:0_P:0_M,30.0,ATG,psORF,5.0,5.0,
MSEEAYEKYIKSIEE,"=HYPERLINK(""https://genome.ucsc.edu/cgi-bin/hgTracks?db=hg38&position=chr2:206116110-206116160"", ""chr2:206116110-206116160"")",0.0,7.580928141136678,0.0,9.976265382193416,True,Salk,GCSHP3,ENST00000233190.11-chr2:206116113-206116157_F:0_P:223_M,15.0,ATG,psORF,19.0,19.0,
MSEDNRPLTAPAAAIAGAKLRKVSRMGDASFPSRGNATGVNSASSKTDTGLQAMEMDSFL,"=HYPERLINK(""https://genome.ucsc.edu/cgi-bin/hgTracks?db=hg38&position=chr3:190831599-190831784"", ""chr3:190831599-190831784"")",0.0,0.9312500038786292,0.0,1.166923724552225,True,Salk,ENAHP1,ENST00000397646.2+chr3:190831602-190831781_F:0_P:3_M,60.0,ATG,psORF,2.0,2.0,
MSLFINTFYLNKEIFLRELISNLSDALDKIL,"=HYPERLINK(""https://genome.ucsc.edu/cgi-bin/hgTracks?db=hg38&position=chr4:189473049-189473147"", ""chr4:189473049-189473147"")",0.0,20.85892682812973,0.0,27.15504472700658,True,Salk,HSP90AA4P,ENST00000506915.1+chr4:189473052-189473144_F:0_P:1_M,31.0,ATG,psORF,3.0,3.0,
MSMLRLQKRLASSVLHWGKKKVWLDPDEINEIANANSRQ,"=HYPERLINK(""https://genome.ucsc.edu/cgi-bin/hgTracks?db=hg38&position=chr5:31053563-31053685"", ""chr5:31053563-31053685"")",0.0,0.2599430876170759,0.0,0.3394744874224318,False,Salk,RPL19P11,ENST00000495944.2+chr5:31053566-31053682_F:2_P:0_M,39.0,ATG,psORF,2.0,2.0,
MSGVSLKPEFVDIINAKQ,"=HYPERLINK(""https://genome.ucsc.edu/cgi-bin/hgTracks?db=hg38&position=chr7:129056711-129056770"", ""chr7:129056711-129056770"")",1.8917064534683408,106.02993207764914,1.3788043291064764,139.62868799110802,True,Salk,TPI1P2,ENST00000635637.1+chr7:129056714-129056767_F:2_P:17_M,18.0,ATG,psORF,2.0,2.0,
MSHFHLMKQNYKKTRVNMGVHKALQILRNRVDLQHLCGYVTMLNASSQLANRKLSDASDERGKPDLASGSDVKWEYRVI,"=HYPERLINK(""https://genome.ucsc.edu/cgi-bin/hgTracks?db=hg38&position=chr1:149677070-149677312"", ""chr1:149677070-149677312"")",0.0,0.0,0.0,0.0,False,Salk,FAM91A2P,ENST00000643354.1+chr1:149677073-149677309_F:2_P:23_M,79.0,ATG,psORF,1.0,1.0,
MSKADLINNLGTIAKSGTKAFMEALQAGARISMIGQFGFGFYCAYLAFIVQRKWL,"=HYPERLINK(""https://genome.ucsc.edu/cgi-bin/hgTracks?db=hg38&position=chr10:9724010-9724180"", ""chr10:9724010-9724180"")",0.0,5.4850830389947385,0.0,7.052958355866092,True,Salk,HSP90AB7P,ENST00000450068.1-chr10:9724013-9724177_F:1_P:3_M,55.0,ATG,psORF,2.0,2.0,
MSKGPAVGIDLSTTYSYVGVFQHGKVEIIANDQGN,"=HYPERLINK(""https://genome.ucsc.edu/cgi-bin/hgTracks?db=hg38&position=chr7:10451310-10451420"", ""chr7:10451310-10451420"")",57.14298125674001,199.83542918810872,43.57571141974872,257.6493063338843,False,Salk,HSPA8P8,ENST00000419827.2+chr7:10451313-10451417_F:0_P:0_M,35.0,ATG,psORF,9.0,9.0,-2.233
MQLPLHSSPFVTEEEGDYIPSEKLKLLALQRGEDPGNLNESEEEEEEDNQGDGDEGGENEGESGSETEEKAWLAAPEEQRTEGKKPRVIAGHEKLEKQQQLAQEEESEARRLATMMMKKPEKYLYQKIMFDKRRKSQEAKKLPE,"=HYPERLINK(""https://genome.ucsc.edu/cgi-bin/hgTracks?db=hg38&position=chr4:134328301-134328738"", ""chr4:134328301-134328738"")",0.0,0.0433722642562802,0.0,0.0598669001979091,False,Salk,PES1P1,ENST00000508165.1+chr4:134328304-134328735_F:1_P:18_M,144.0,ATG,psORF,2.0,2.0,
MRGLEAESESLPQPAPAGPERAGAEAAAEAKPGSAASARGGARGGAGARAAGAQKTGGGGAPQGGLEAR,"=HYPERLINK(""https://genome.ucsc.edu/cgi-bin/hgTracks?db=hg38&position=chr22:20702229-20703016"", ""chr22:20702229-20703016"")",0.0,0.8352727345639648,0.0,0.94184298977116,False,Salk,TMEM191A,ESPRESSO_chr22_19325_7+chr22:20702232-20703013_F:0_P:0_M,69.0,ATG,psORF,4.0,4.0,-4.847
MRAVSLLLKTNAQGLGEELGFPNCFLEAAMNGIVHDVDVLGAGIWLVTLLVDRDGLYKMNRLYLTHPRRLLLPSPHVSPGLLQLQ,"=HYPERLINK(""https://genome.ucsc.edu/cgi-bin/hgTracks?db=hg38&position=chr17:46267235-46267495"", ""chr17:46267235-46267495"")",0.0,0.8185700136912027,0.0,1.0987668324771516,False,Salk,Unnamed,ENST00000570002.3+chr17:46267238-46267492_F:2_P:1_M,85.0,ATG,psORF,3.0,3.0,-0.894
MQQLKEFDGKSLVSVTKESLKLPEDEEEKKWRKAK,"=HYPERLINK(""https://genome.ucsc.edu/cgi-bin/hgTracks?db=hg38&position=chr10:9722455-9722565"", ""chr10:9722455-9722565"")",0.0,15.085051219660494,0.0,19.302235491010983,True,Salk,HSP90AB7P,ENST00000450068.1-chr10:9722458-9722562_F:0_P:35_M,35.0,ATG,psORF,5.0,8.0,
MQRPRANSCATRSSSRESLAESSDNIMHITGEKNGKVTQLFTFHSEFISCTFIYNQITLLQ,"=HYPERLINK(""https://genome.ucsc.edu/cgi-bin/hgTracks?db=hg38&position=chr9:102515740-102515928"", ""chr9:102515740-102515928"")",0.0,0.0,0.0,0.0,False,Salk,CCSER2P1,ENST00000454390.2+chr9:102515743-102515925_F:1_P:9_M,61.0,ATG,psORF,1.0,1.0,
MRIINEPMAAAIGYGLDKREGEKTSCCSTWVAEPSMRLLSPLTMVSSESWPLMEILICVQKTMTSVSWNISSSCTKRRLTKMSGKTIGLCRNSS,"=HYPERLINK(""https://genome.ucsc.edu/cgi-bin/hgTracks?db=hg38&position=chr4:164188960-164189247"", ""chr4:164188960-164189247"")",0.0,1.513470216313522,0.0,1.8433871771058803,False,Salk,Unnamed,ENST00000509378.1+chr4:164188963-164189244_F:1_P:1_M,94.0,ATG,psORF,281.0,281.0,
MRVRKCSTPEEIKKRTKAVIFLSQCRQKVHHVEGKEILVGDVGVTISEPFKHFVGMLPEKDCCYALYDASFETKESRRIDVFLWASELAPLKSKMIYTSSKDAIKKKFQGIKHEWQTNGPEDLNRACTAEKLGGSFFFFFEMES,"=HYPERLINK(""https://genome.ucsc.edu/cgi-bin/hgTracks?db=hg38&position=chr12:6884947-6885384"", ""chr12:6884947-6885384"")",2.540535394160929,95.2317995408936,1.9260996869954263,122.92387869833468,True,Salk,DSTNP2,ENST00000602547.1+chr12:6884950-6885381_F:1_P:2_M,144.0,ATG,psORF,5.0,5.0,
MRWSVHYIWGKKNMSQSLLELHKLASDKNDPHLCDFIETHYLNEQVKAIKELGGHVTNLCKMGAPESGSAEYLFDKHTLGDSDNE,"=HYPERLINK(""https://genome.ucsc.edu/cgi-bin/hgTracks?db=hg38&position=chr3:72929334-72929594"", ""chr3:72929334-72929594"")",1.9849186336082605,152.52465155791614,2.234275945021013,129.06336120831148,False,Salk,FTH1P23,ENST00000492727.1+chr3:72929337-72929591_F:0_P:4_M,85.0,ATG,psORF,5.0,5.0,-3.537
MRKNLPKPSRRLQFSFQRRWNLLQPNSRPQPSLHVILRSVNFPLVSRSSQLSLLSLLGRLNLLRLGRRPQLSLQKRWNLLQTKRRPQLSLQVLL,"=HYPERLINK(""https://genome.ucsc.edu/cgi-bin/hgTracks?db=hg38&position=chr10:27250406-27250693"", ""chr10:27250406-27250693"")",0.0,0.0,0.0,0.0,False,Salk,LRRC37A6P,ENST00000448648.2-chr10:27250409-27250690_F:1_P:13_M,94.0,ATG,psORF,1.0,1.0,-0.252
MLSLPPRRLWMAPPGNWHNGRGALQNIIPASTGTAKAVGKVIPELNRKLTGMGFCVLTANVLVMDLTCHLEKPAKYNDIKKVVKQASNAPSRASWATRAPGGLL,"=HYPERLINK(""https://genome.ucsc.edu/cgi-bin/hgTracks?db=hg38&position=chr5:174513830-174514147"", ""chr5:174513830-174514147"")",8.12324723002999,409.9065283654048,7.139704668472028,529.6477565507811,False,Salk,GAPDHP71,ENST00000511530.1+chr5:174513833-174514144_F:2_P:4_M,104.0,ATG,psORF,268.0,268.0,
MLSIHHNFLSFKHRVLKEVEAVIPDHYVFASNTSPLPVSEIAAVSKRPEKVIGRHYFSPADKMQLLEMITTKKTSKDTSASTVAIGLKQGKVIIVVKDGPGFYTTRCLAPMMSEVI,"=HYPERLINK(""https://genome.ucsc.edu/cgi-bin/hgTracks?db=hg38&position=chr4:165404677-165405030"", ""chr4:165404677-165405030"")",0.0,2.898840295928921,0.0,3.7154461853274174,True,Salk,HADHAP1,ENST00000514498.1-chr4:165404680-165405027_F:0_P:12_M,116.0,ATG,psORF,38.0,38.0,
MGSPTLCPSTGGYALPHTILHLDLAGPDLTDHLMKILTERGYSFTTTAKREIVHDIEEKLCYVALDFEQEMAMVASNPLLEKS,"=HYPERLINK(""https://genome.ucsc.edu/cgi-bin/hgTracks?db=hg38&position=chr18:62442476-62442730"", ""chr18:62442476-62442730"")",4.248546024631578,484.9755833230449,3.248795824627994,617.5056569490446,False,Salk,ACTBP9,ENST00000587663.1+chr18:62442479-62442727_F:2_P:6_M,83.0,ATG,psORF,95.0,95.0,
MGWIMKAQALRDSSMVGYMTAKKLLEINLNHPIVETLL,"=HYPERLINK(""https://genome.ucsc.edu/cgi-bin/hgTracks?db=hg38&position=chr10:9722215-9722334"", ""chr10:9722215-9722334"")",0.0,0.0,0.0,0.0,False,Salk,HSP90AB7P,ENST00000450068.1-chr10:9722218-9722331_F:0_P:39_M,38.0,ATG,psORF,7.0,7.0,
MGYMVAKKRVEINPTTPLWRCCSRRLRQTRTAKLSRTWWCCCLKLLCFLLASPLRIPRPSTCIYHMIKLGIGIDEDEVTTEEPSAVVSDEIPLLEGEENGSYMEEVD,"=HYPERLINK(""https://genome.ucsc.edu/cgi-bin/hgTracks?db=hg38&position=chrX:16474342-16474668"", ""chrX:16474342-16474668"")",0.0,1.90547849823062,0.6644877123514545,0.0,False,Salk,Unnamed,ENST00000447112.1-chrX:16474345-16474665_F:0_P:6_M,107.0,ATG,psORF,17.0,17.0,
MGPKGRTVIIEHSWGSPKVTKDGVTDAKSIDLKDKYKSIGAKLVQDVANNTDEETGGWHYHCCCTGMLYFQIRLPEG,"=HYPERLINK(""https://genome.ucsc.edu/cgi-bin/hgTracks?db=hg38&position=chr8:7419003-7419239"", ""chr8:7419003-7419239"")",0.0,2.512105100114052,0.0,3.280899996689897,False,Salk,HSPD1P3,ENST00000533477.1+chr8:7419006-7419236_F:0_P:0_M,77.0,ATG,psORF,2.0,2.0,
MGQKDSYVGNEVQSKRGILTLKYPIKQDIVTTWDDMEKIWHHTFYNELCVAAKEHPMLLTKVPLSPKANHKKMTQIMLEIFDRPAMYVAIQAVLSLYTSGLPLTS,"=HYPERLINK(""https://genome.ucsc.edu/cgi-bin/hgTracks?db=hg38&position=chr15:43989727-43990047"", ""chr15:43989727-43990047"")",0.9331476041275876,170.7819623585728,0.6983266235627565,203.1740817714804,True,Salk,ACTBP7,ENST00000418351.1-chr15:43989730-43990044_F:0_P:3_M,105.0,ATG,psORF,10.0,10.0,
MGRGAGAALGRWSRAPLEELLPGRGSGRLGGPRGPRTAPGAVGLGPAAAGAGLLPAGRSSAPARRVPGRSHRHCLGRGGGLAERAGGAFPGRPAATTHGARTLGGREAPGAGVP,"=HYPERLINK(""https://genome.ucsc.edu/cgi-bin/hgTracks?db=hg38&position=chr15:23179991-23180338"", ""chr15:23179991-23180338"")",0.0,25.47212799577776,0.0,29.92038747346302,False,Salk,ABCB10P1,ENST00000614297.1+chr15:23179994-23180335_F:2_P:1_M,114.0,ATG,psORF,2.0,2.0,
MGSDEENDSSKDKKKKTMKIKEKYILQEELNETKPICTRNSDDITQEEYGEFYKSLTND,"=HYPERLINK(""https://genome.ucsc.edu/cgi-bin/hgTracks?db=hg38&position=chr10:9723504-9723686"", ""chr10:9723504-9723686"")",0.0,0.0,0.0,0.0,False,Salk,HSP90AB7P,ENST00000450068.1-chr10:9723507-9723683_F:2_P:13_M,59.0,ATG,psORF,1.0,1.0,
MHDIKEKLCYVTLDFEQEMATVASSSSLEKIYELPDLPIARSSPSAMRGSTAPRPSSSLPSWAWNPVASYCQLHHEV,"=HYPERLINK(""https://genome.ucsc.edu/cgi-bin/hgTracks?db=hg38&position=chr5:98339350-98339586"", ""chr5:98339350-98339586"")",1.2222015429919804,10.100293587064446,0.9194782861517588,12.864913431893235,True,Salk,Unnamed,ENST00000512165.1+chr5:98339353-98339583_F:1_P:7_M,77.0,ATG,psORF,26.0,26.0,
MHDSIPEDLVFPSEIVGKRIHVKLDGSRLIKAHLDKAQQNNVERNVETFSGVYMKLTGKDINVEFPEFQL,"=HYPERLINK(""https://genome.ucsc.edu/cgi-bin/hgTracks?db=hg38&position=chr1:240013013-240013228"", ""chr1:240013013-240013228"")",0.0,0.0,0.0,0.0,False,Salk,RPS7P5,ENST00000441482.1+chr1:240013016-240013225_F:2_P:3_M,70.0,ATG,psORF,4.0,4.0,
MHIRKATKYLKDVTLQKQCVPFRRYNGGVGRCAQAKQWGWTQGRWPKKSAEFLLHMLKNTESNAELKGLDVDSLVIEHIQVNKAPKMRRRTYRAHGRINPYMSSPCHIEMILTEKEQIVPKPEEEVAQKKRISQKKLKKQKLMARE,"=HYPERLINK(""https://genome.ucsc.edu/cgi-bin/hgTracks?db=hg38&position=chr1:108992393-108992836"", ""chr1:108992393-108992836"")",0.0,181.6183711419069,0.0,234.3628175643981,True,Salk,RPL17P7,ESPRESSO_chr1_1379_0+chr1:108992396-108992833_F:2_P:0_M,146.0,ATG,psORF,1.0,1.0,
MHPALVPPLGICPPGLFPPAPLLNPEILSAPPGLIQRSKVDNTSAATVEKKATATVTAKPQITNPKAEITRFVPSALRVRRENKRATAASQRKSEDNSAVPLAKAAPKSGPSVPVSVQTKDDVYEDFMKEMEGLL,"=HYPERLINK(""https://genome.ucsc.edu/cgi-bin/hgTracks?db=hg38&position=chr18:32513380-32513790"", ""chr18:32513380-32513790"")",0.0,6.592548635416077,0.0,8.422383412642043,True,Salk,WBP11P1,ENST00000567636.1+chr18:32513383-32513787_F:1_P:10_M,135.0,ATG,psORF,1.0,1.0,
MHTGKELNTVNQDGENQCTFGTTTFLQSMEGRQYLDHVQLKQKYSEEAGIIKGLREMGKLDIVWKRNLGEMAMLQTIQLLGESPGYENMRLSLEIIPDSVTRRAFSHYLQNNKLQ,"=HYPERLINK(""https://genome.ucsc.edu/cgi-bin/hgTracks?db=hg38&position=chrX:76655749-76656099"", ""chrX:76655749-76656099"")",0.0,0.0,0.0,0.0,False,Salk,TRAPPC13P1,ENST00000435991.2-chrX:76655752-76656096_F:0_P:8_M,115.0,ATG,psORF,1.0,1.0,-6.047
MIAQLREYWDLLNVEMALDIEIAAYRKLLEGEECRTSFGPIPFSLPEGLPKIPSVSTHIKVKSEEKIKVVEKSEKL,"=HYPERLINK(""https://genome.ucsc.edu/cgi-bin/hgTracks?db=hg38&position=chr20:41998092-41998325"", ""chr20:41998092-41998325"")",0.0,0.0,0.0,0.0,False,Salk,Unnamed,ENST00000432563.1-chr20:41998095-41998322_F:2_P:7_M,76.0,ATG,psORF,2.0,2.0,
MGNTHRMCGNERSKHLALQELWACHLCQFRGGECSHESRPHKVDGRVVETKGVVSSEDSQRLGAHLTVRKIFVGAIKGDIEEHHLRDYFEQNGKI,"=HYPERLINK(""https://genome.ucsc.edu/cgi-bin/hgTracks?db=hg38&position=chr3:149999680-149999970"", ""chr3:149999680-149999970"")",0.0,0.5196384809456753,0.0,0.6948595568184156,False,Salk,HNRNPA1P24,ENST00000476029.1+chr3:149999683-149999967_F:1_P:1_M,95.0,ATG,psORF,16.0,16.0,-3.768
MGFGDGVTHMVPIYKGYALPDTILHLDLAGQDLTNYLMKILTKVGYSFSTTAEREIRHYVKEKLCYVALDFEQ,"=HYPERLINK(""https://genome.ucsc.edu/cgi-bin/hgTracks?db=hg38&position=chr1:103570004-103570228"", ""chr1:103570004-103570228"")",0.0,0.0,0.0,0.0,False,Salk,ACTG1P4,ENST00000425123.1+chr1:103570007-103570225_F:2_P:5_M,73.0,ATG,psORF,130.0,130.0,
MFVTTWHCLLLRLKPLDIEFTKHLHEKVNIIPLIAKADTLMPEECQQFKKQIKKSKNIKLKYMNFQKQMMKKKKNLLKR,"=HYPERLINK(""https://genome.ucsc.edu/cgi-bin/hgTracks?db=hg38&position=chr7:45748628-45756946"", ""chr7:45748628-45756946"")",0.0,32.31395105690532,0.0,40.85703831811188,True,Salk,SEPTIN7P2,ENST00000686085.2-chr7:45748631-45756943_F:2_P:5_M,79.0,ATG,psORF,40.0,66.0,1.272
MGLLSSFTCDKFSSLRLHHHRAITHLMRSTKERVHQDPCEAISHIQKIRSREVPFEAQTSRYLNEFEELAILGKGGYGRVYKVRNKLDGQYYAI,"=HYPERLINK(""https://genome.ucsc.edu/cgi-bin/hgTracks?db=hg38&position=chr3:142450388-142450675"", ""chr3:142450388-142450675"")",0.0,3.6256701881869513,0.0,4.733048972306695,True,Salk,EIF2AK1P1,ENST00000481134.1+chr3:142450391-142450672_F:2_P:1_M,94.0,ATG,psORF,2.0,3.0,-4.137
MGHPRHQGVMMGMGRKDFYVSNKAQSKRGIMTLKYPMEHGIITNWDDMEKIWHHTFYNELHVAPKEHRMLLTEVPLNPRPTTRR,"=HYPERLINK(""https://genome.ucsc.edu/cgi-bin/hgTracks?db=hg38&position=chr5:131659760-131660017"", ""chr5:131659760-131660017"")",0.0,91.32423980660568,0.0,115.9685934918932,False,Salk,ACTBP4,ENST00000660293.1-chr5:131659763-131660014_F:1_P:2_M,84.0,ATG,psORF,14.0,14.0,
MGIKPPKGVILYGPPGTGKILLAIAAGNQTSTTFLKVVGSELIQKYLGDGPEFVWKLF,"=HYPERLINK(""https://genome.ucsc.edu/cgi-bin/hgTracks?db=hg38&position=chr1:118614843-118615022"", ""chr1:118614843-118615022"")",0.0,11.605833218826907,0.0,14.967294291240403,True,Salk,PSMC1P12,ENST00000436509.2-chr1:118614846-118615019_F:2_P:13_M,58.0,ATG,psORF,2.0,32.0,
MGIQERCPGDSGLPEPLPDEKPNGPYPYTLKLCFSTAQHAF,"=HYPERLINK(""https://genome.ucsc.edu/cgi-bin/hgTracks?db=hg38&position=chr15:34488999-34489127"", ""chr15:34488999-34489127"")",0.0,1.824457583081657,0.0,2.427737279816739,False,Salk,HNRNPLP2,ENST00000568980.1-chr15:34489002-34489124_F:2_P:21_M,41.0,ATG,psORF,2.0,2.0,
MGKNVSKAVEHINKTIEPALISKHLNVIEQKRIDKLMIETVDPDNRSKFGVNIILGISFAVCKAGAAEKGFSLLSQNCEFAGNSEGILLVPAFTVTSNGSQSGNKLAV,"=HYPERLINK(""https://genome.ucsc.edu/cgi-bin/hgTracks?db=hg38&position=chr2:201622940-201623269"", ""chr2:201622940-201623269"")",0.0,0.2813108569304648,0.0,0.3590973352684615,False,Salk,ENO1P4,ENST00000495329.1-chr2:201622943-201623266_F:0_P:32_M,108.0,ATG,psORF,7.0,7.0,-7.906
MGKVPNDELEIIEGMKFD,"=HYPERLINK(""https://genome.ucsc.edu/cgi-bin/hgTracks?db=hg38&position=chr4:144846231-144846290"", ""chr4:144846231-144846290"")",0.0,0.0,0.0,0.0,False,Salk,HSPD1P5,ENST00000511127.1+chr4:144846234-144846287_F:0_P:11_M,18.0,ATG,psORF,11.0,11.0,
MLGFTGLVQEISFGTTKDKMLVIEQCKNSRAVTIFIRGGNKMIIEEVKRSLHDALCVISNLIRDNRVAYRGGFAEISCALAVSQEVDKCPTLDQYTIRAFADALESPHGPF,"=HYPERLINK(""https://genome.ucsc.edu/cgi-bin/hgTracks?db=hg38&position=chr5:115513124-115513462"", ""chr5:115513124-115513462"")",0.0,3.5647727060163885,0.0,4.389681104032048,True,Salk,CCT5P1,ENST00000502314.1+chr5:115513127-115513459_F:2_P:28_M,111.0,ATG,psORF,6.0,6.0,
MLAVDAIIAEPKKQSKPVTTPEEIARVATISANGDKEIGNIISDAMKKVGSKGIITVNNGKSTE,"=HYPERLINK(""https://genome.ucsc.edu/cgi-bin/hgTracks?db=hg38&position=chr4:144846056-144846253"", ""chr4:144846056-144846253"")",0.0,21.747311099268387,0.0,27.87246912102321,False,Salk,HSPD1P5,ENST00000511127.1+chr4:144846059-144846250_F:2_P:6_M,64.0,ATG,psORF,1.0,1.0,
MLAVDAVIAELKKQSKPVTKPEEIAQVATISANGDKEIGNIISDAMKKFGRKGIITVKDGKTLTDELEIIEGMKI,"=HYPERLINK(""https://genome.ucsc.edu/cgi-bin/hgTracks?db=hg38&position=chr8:7419274-7419504"", ""chr8:7419274-7419504"")",0.0,5.699769004906905,0.0,7.368898238013377,False,Salk,HSPD1P3,ENST00000533477.1+chr8:7419277-7419501_F:1_P:6_M,75.0,ATG,psORF,158.0,158.0,
MLCSNAEGASLKLCNFEDLSGLKANLEGANLKGVDMEGSQMTGINLRVATLKNAKLKNCNLRGATLAGTNLENCDLSGCDLQEANLRGSNV,"=HYPERLINK(""https://genome.ucsc.edu/cgi-bin/hgTracks?db=hg38&position=chr5:37505745-37506023"", ""chr5:37505745-37506023"")",0.0,0.0,0.0,0.0,True,Salk,KCTD9P5,ENST00000504141.1-chr5:37505748-37506020_F:2_P:6_M,91.0,ATG,psORF,3.0,5.0,
MLQHPQVKGPGTGLWGISLGADICLSMASFLKNDSDTVSINGSGISGNRGINCKQNSIPPLGYDLRRIKVAFSGLVDVVDIKNDLVGGYKNPSMISMEKAQGPIIFIVGQDDHNWRSELYAQ,"=HYPERLINK(""https://genome.ucsc.edu/cgi-bin/hgTracks?db=hg38&position=chr19:36422166-36422537"", ""chr19:36422166-36422537"")",0.0,0.3163649352942507,0.0,0.3675618874651629,False,Salk,Unnamed,ENST00000589470.1+chr19:36422169-36422534_F:0_P:1_M,122.0,ATG,psORF,1.0,1.0,
MLPIRVHTIVISVWHDEEVRLGEMRDALKEKVIKAIVPAKYLDEDTIYHL,"=HYPERLINK(""https://genome.ucsc.edu/cgi-bin/hgTracks?db=hg38&position=chr12:92858664-92858819"", ""chr12:92858664-92858819"")",0.0,0.9099406858152445,0.0,1.182653962772079,True,Salk,Unnamed,ENST00000551090.1+chr12:92858667-92858816_F:0_P:7_M,50.0,ATG,psORF,2.0,2.0,
MLPILSSFCKKGSK,"=HYPERLINK(""https://genome.ucsc.edu/cgi-bin/hgTracks?db=hg38&position=chr3:169483910-169483957"", ""chr3:169483910-169483957"")",0.0,167.04370073304926,0.0,215.2021897621985,False,Salk,RPL22P1,ENST00000418623.1-chr3:169483913-169483954_F:1_P:2_M,14.0,ATG,psORF,2.0,2.0,
MLLTEAPLNPKASREKMTQIMFETFITPAMYMAIQPVLSLYFFGCTTGTVMDSGDGVTHSVPICEGYALPHTILHLDLAGRDLTTS,"=HYPERLINK(""https://genome.ucsc.edu/cgi-bin/hgTracks?db=hg38&position=chr9:6834758-6835021"", ""chr9:6834758-6835021"")",5.6621444930085305,360.02378462019226,4.358081724694099,457.8317243400779,True,Salk,ACTG1P14,ENST00000446382.2+chr9:6834761-6835018_F:2_P:6_M,86.0,ATG,psORF,1837.0,1837.0,
MLMTPGHFLSDRIQDALCALEGSQALEPKGGEGSEGVEAEGPGTETETVLPVSTLNFCPEIQIDIADKEIEQGEVTTSVTALLEGLEKTCSSRPSCLEKDLTNDVTYLDPSLLPVQFCFPPLHLVLSAQPSSALNP,"=HYPERLINK(""https://genome.ucsc.edu/cgi-bin/hgTracks?db=hg38&position=chr21:13526758-13527171"", ""chr21:13526758-13527171"")",0.0,0.0,0.0,0.0,False,Salk,SNX19P1,ENST00000444901.1+chr21:13526761-13527168_F:1_P:16_M,136.0,ATG,psORF,12.0,12.0,
MKAPWTGQYRYISPKDLKITIGKINYQFAGYSQDSQEFLLFLMDGLHEDLNKTDNRKTYKEENNDHLNDFKAAEHAWQKHKRLYESIIVALFQGQFKSTVQCLTRHKKSRTLEAFMYLSLLIASTSKCTL,"=HYPERLINK(""https://genome.ucsc.edu/cgi-bin/hgTracks?db=hg38&position=chr6:31277902-31278297"", ""chr6:31277902-31278297"")",0.0,1.0075865599077527,0.0,1.2994216994240202,True,Salk,USP8P1,ENST00000494673.1+chr6:31277905-31278294_F:1_P:25_M,130.0,ATG,psORF,2.0,2.0,
MKATAFPTEVKDLTKRICTVLMATAQMKEHEKDPEMLTDLQCSLAKSYASIPELRKTWLDSMANIHVKNGDFSEAAMCYVHAAALVAEFLH,"=HYPERLINK(""https://genome.ucsc.edu/cgi-bin/hgTracks?db=hg38&position=chr14:44861573-44861851"", ""chr14:44861573-44861851"")",0.0,0.0,0.0,0.0,False,Salk,DOCK11P1,ENST00000553480.1-chr14:44861576-44861848_F:1_P:74_M,91.0,ATG,psORF,1.0,1.0,
MKATVEDEKLQDKINDEDKQKILDRCNEIINWHNKNRTAKKEEFEHQQKELEELCNPIITKLYQSAEGMPGRMPGGFPVGGAPPSGGASLGPTIEEVD,"=HYPERLINK(""https://genome.ucsc.edu/cgi-bin/hgTracks?db=hg38&position=chr7:10452952-10453251"", ""chr7:10452952-10453251"")",3.322065775430576,24.19871378644568,2.528427856751949,30.92376166129699,True,Salk,HSPA8P8,ENST00000419827.2+chr7:10452955-10453248_F:1_P:17_M,98.0,ATG,psORF,1.0,1.0,-0.483
MKCDVDIRKDL,"=HYPERLINK(""https://genome.ucsc.edu/cgi-bin/hgTracks?db=hg38&position=chr1:103570393-103570431"", ""chr1:103570393-103570431"")",0.0,1637.7311411332512,0.0,2075.579122678132,True,Salk,ACTG1P4,ENST00000425123.1+chr1:103570396-103570428_F:1_P:13_M,11.0,ATG,psORF,6.0,6.0,
MKDIEKMYTSGQDKVEKCTEKQVRLCQLRRQNMLLQQQLDDVHNKADNQEKTVIDSQAKCDATAQNLQAECIKHRLLLEEQEDDQ,"=HYPERLINK(""https://genome.ucsc.edu/cgi-bin/hgTracks?db=hg38&position=chr1:168246170-168246430"", ""chr1:168246170-168246430"")",0.0,0.0,0.0,0.0,False,Salk,ANKRD36BP1,ENST00000358576.4-chr1:168246173-168246427_F:1_P:12_M,85.0,ATG,psORF,1.0,1.0,
MKDPKQITRDMEKLDEMEFNPLQQPQLNEKVLKNRRKKLRETFEHIL,"=HYPERLINK(""https://genome.ucsc.edu/cgi-bin/hgTracks?db=hg38&position=chr2:127247717-127247863"", ""chr2:127247717-127247863"")",0.0,0.0,0.0,0.0,False,Salk,WBP11P2,ENST00000412499.1+chr2:127247720-127247860_F:2_P:2_M,47.0,ATG,psORF,1.0,1.0,
MKEEHVLKFLVAGTHLGGTKLNFQMEQYICKRKSDGIYIINLRRTWEKLLLAARAIVAIENPADVSAISFRNTG,"=HYPERLINK(""https://genome.ucsc.edu/cgi-bin/hgTracks?db=hg38&position=chr14:103374665-103374892"", ""chr14:103374665-103374892"")",0.0,2.2483455093311915,0.0,2.80831745158144,True,Salk,RPSAP5,ENST00000485258.1-chr14:103374668-103374889_F:1_P:0_M,74.0,ATG,psORF,2.0,2.0,
MKGFEYILAKLQGEAPSKTLVGTAKEAKEKAKETALAATEKAKDLASKAATKKQQQQQQQFV,"=HYPERLINK(""https://genome.ucsc.edu/cgi-bin/hgTracks?db=hg38&position=chr6:126644108-126644299"", ""chr6:126644108-126644299"")",0.0,27.45949174566116,0.0,35.586835289228624,True,Salk,PRELID1P1,ENST00000567272.1+chr6:126644111-126644296_F:2_P:4_M,62.0,ATG,psORF,1.0,8.0,
MKGGNFGGRSSGPYGGRGQYFAKPRYQGG,"=HYPERLINK(""https://genome.ucsc.edu/cgi-bin/hgTracks?db=hg38&position=chr4:143555157-143555249"", ""chr4:143555157-143555249"")",0.0,9.080199134804303,0.0,10.99210743880229,False,Salk,Unnamed,ENST00000512366.1-chr4:143555160-143555246_F:2_P:2_M,29.0,ATG,psORF,4.0,4.0,-5.975
MKSLEYSCLIGVIPGIKRLQKRKDQRKGGQRENGKIRKL,"=HYPERLINK(""https://genome.ucsc.edu/cgi-bin/hgTracks?db=hg38&position=chr16:34267513-34267635"", ""chr16:34267513-34267635"")",0.0,41.6217875964086,0.0,52.327587949891104,False,Salk,BCLAF1P2,ENST00000624956.2-chr16:34267516-34267632_F:0_P:1_M,39.0,ATG,psORF,1.0,1.0,-5.533
MKSTVEDEKLQGKINDDDKQKILDKCNEIINWLDKNQAAEKEEFEHQQKAGESLQPHQHQAVPECRRHARRNAWGIPWWWSSSLWWCFLRAYY,"=HYPERLINK(""https://genome.ucsc.edu/cgi-bin/hgTracks?db=hg38&position=chr3:137881940-137882224"", ""chr3:137881940-137882224"")",1.079135320085698,611.8852811292634,0.8075949828918567,788.8476811230503,False,Salk,HSPA8P9,ENST00000485881.1+chr3:137881943-137882221_F:2_P:26_M,93.0,ATG,psORF,2.0,2.0,
MKTSTIRTPKNFALFPP,"=HYPERLINK(""https://genome.ucsc.edu/cgi-bin/hgTracks?db=hg38&position=chr5:75911621-75911677"", ""chr5:75911621-75911677"")",0.0,0.0,0.0,0.0,False,Salk,BIN2P2,ENST00000503900.1+chr5:75911624-75911674_F:2_P:7_M,17.0,ATG,psORF,4.0,4.0,
MKILTEHSYSFNTMAEWEILGDIKEKPCYVALDFEQEMATAASSSSLEKS,"=HYPERLINK(""https://genome.ucsc.edu/cgi-bin/hgTracks?db=hg38&position=chr3:12070801-12070956"", ""chr3:12070801-12070956"")",18.60962661944316,340.3687413407446,14.48691143549514,436.8584368051443,True,Salk,ACTG1P12,ENST00000423183.1+chr3:12070804-12070953_F:1_P:6_M,50.0,ATG,psORF,25.0,25.0,
MKLTLKGGAAVDPDSGLEHSAHVLEKGGKVFSATLSLVDVVKGTNSYYKLKLLKDDKESRHWIFKSWDRVGTVIGSNKLEQMLSKEDTTEHFMKLYEEKLGMLGTPKIHKVSQKVLPPGD,"=HYPERLINK(""https://genome.ucsc.edu/cgi-bin/hgTracks?db=hg38&position=chr13:110938315-110938680"", ""chr13:110938315-110938680"")",0.0,1.4709205230778903,0.0,1.913444402882296,True,Salk,PARP1P1,ENST00000413631.1+chr13:110938318-110938677_F:1_P:23_M,120.0,ATG,psORF,1.0,1.0,
SSTLKKTRQYLEQRQVKEVVKKQSQFIRYPITLYLEKE,"=HYPERLINK(""https://genome.ucsc.edu/cgi-bin/hgTracks?db=hg38&position=chr10:9723781-9723900"", ""chr10:9723781-9723900"")",0.0,0.242530631987224,0.0,0.3167345696046612,False,Salk,HSP90AB7P,ENST00000450068.1-chr10:9723784-9723897_F:0_P:12,38.0,nonATG,psORF,22.0,22.0,
SNNQTTSTKKKAAEISADTSDPDSSEDNGAPSKPASERR,"=HYPERLINK(""https://genome.ucsc.edu/cgi-bin/hgTracks?db=hg38&position=chr8:137697795-137697917"", ""chr8:137697795-137697917"")",0.0,0.0,0.0,0.0,False,Salk,Unnamed,ENST00000523156.1+chr8:137697798-137697914_F:0_P:10,39.0,nonATG,psORF,7.0,7.0,
SRSWFGSQQTSRIQGNPTIKF,"=HYPERLINK(""https://genome.ucsc.edu/cgi-bin/hgTracks?db=hg38&position=chr11:6721035-6721103"", ""chr11:6721035-6721103"")",0.0,0.0,0.0,0.0,False,Salk,GVINP1,ENST00000531871.3-chr11:6721038-6721100_F:2_P:6,21.0,nonATG,psORF,2.0,2.0,-10.298
RIKTFLKKHSQFIGYPITLFVEKEHDKEVRDDEAEEKEDKEEENEKEEKESEDKPEIEDVGSDEEEEEKKDGDKKNKKIKEKYIDQEKLNKTKPIWTRNPDDITNEE,"=HYPERLINK(""https://genome.ucsc.edu/cgi-bin/hgTracks?db=hg38&position=chr1:158524269-158524595"", ""chr1:158524269-158524595"")",0.0,68.43566944686543,0.0,84.6351523327543,False,Salk,HSP90AA3P,ENST00000436135.1+chr1:158524272-158524592_F:0_P:3,107.0,nonATG,psORF,6.0,48.0,
QVAKKEPDDAKAKGPTKPAEKEEAAAAPEKKDTKEEKATEAKKPEEKPKTEAKTKEDDKTLSRDPSKHKAEKAEKSSSTDQKDSRPPEKATEDKAAKGK,"=HYPERLINK(""https://genome.ucsc.edu/cgi-bin/hgTracks?db=hg38&position=chr20:41997131-41997433"", ""chr20:41997131-41997433"")",0.0,0.1024018223946057,0.0,0.1337323738330792,False,Salk,Unnamed,ENST00000432563.1-chr20:41997134-41997430_F:1_P:27,99.0,nonATG,psORF,31.0,31.0,-0.02
QVAVIYVGVRRYLDKLEPSKVTKFENAFLSRVVSQHQALLGTIRADGKISEEPDAKLKEIVNKLLGWI,"=HYPERLINK(""https://genome.ucsc.edu/cgi-bin/hgTracks?db=hg38&position=chr2:155269690-155269899"", ""chr2:155269690-155269899"")",0.0,57.43629487853375,0.0,73.83493507850685,False,Salk,ATP5F1AP2,ENST00000616464.1+chr2:155269693-155269896_F:1_P:0,68.0,nonATG,psORF,53.0,53.0,
RNILFIGYPVTLFVEKKHDKEVSNDEAEEKEDKEEEKEKEEKESEDKPEIEDVGSDEEEE,"=HYPERLINK(""https://genome.ucsc.edu/cgi-bin/hgTracks?db=hg38&position=chr4:189473584-189473769"", ""chr4:189473584-189473769"")",0.4282497650339144,18.85557911014492,0.3273023785354493,21.079674629814008,False,Salk,HSP90AA4P,ENST00000506915.1+chr4:189473587-189473766_F:1_P:16,60.0,nonATG,psORF,7.0,7.0,-0.038
RPLAPQRPPQEPASHLPGCRGPGAPPPPPRGRPASCPCSACSRAAWGPAWWCPGPPQQGARAHLPTQKAGAEGQHKGSGHLRIPKWPYKVAKEEKREAEEAEKRRQAKVQEKRPPPWKKRT,"=HYPERLINK(""https://genome.ucsc.edu/cgi-bin/hgTracks?db=hg38&position=chr2:95526855-95527223"", ""chr2:95526855-95527223"")",0.0,0.9539078199101712,0.0,1.1065352566927271,False,Salk,ANKRD33BP1,ENST00000702794.1+chr2:95526858-95527220_F:0_P:1,121.0,nonATG,psORF,1.0,2.0,
VVCIEDQTSHNVPLSQSLIKRKTLIPSSFLRADRGEEAAEENN,"=HYPERLINK(""https://genome.ucsc.edu/cgi-bin/hgTracks?db=hg38&position=chr7:126870146-126870280"", ""chr7:126870146-126870280"")",0.0,0.0,0.0,0.0,False,Salk,Unnamed,ENST00000452711.1-chr7:126870149-126870277_F:1_P:2,43.0,nonATG,psORF,5.0,5.0,
VQESTKGPDEVKIKALLERNDYTLNVTTGQRKYGGPPPNSVYSGVQPRIGTEVFVGKIPRDVYEDELVPLFEKASPIWDLRLIIDPLSGQNRG,"=HYPERLINK(""https://genome.ucsc.edu/cgi-bin/hgTracks?db=hg38&position=chr10:21625819-21626103"", ""chr10:21625819-21626103"")",0.0,3.554410223199462,0.0,4.625695080489451,False,Salk,HNRNPRP1,ENST00000453465.1-chr10:21625822-21626100_F:0_P:1,93.0,nonATG,psORF,2.0,2.0,-5.498
YHRACSQQRLLYVQDQLRRRRCLRGRLPIHRGAPQAPRCDGGHGSEGLLVGDEAQSKRSILTLN,"=HYPERLINK(""https://genome.ucsc.edu/cgi-bin/hgTracks?db=hg38&position=chr3:175978374-175978571"", ""chr3:175978374-175978571"")",0.5705822175432347,66.96883244867534,0.7923590856849391,0.9162452992379968,False,Salk,ACTG1P23,ENST00000437653.1-chr3:175978377-175978568_F:2_P:0,64.0,nonATG,psORF,3.0,3.0,
YHSLSHCVDRTCSSGPTTSRQSFRSVAISGSVLRPSRQIPIRC,"=HYPERLINK(""https://genome.ucsc.edu/cgi-bin/hgTracks?db=hg38&position=chr3:142450759-142450893"", ""chr3:142450759-142450893"")",0.0,0.0,0.0,0.0,False,Salk,EIF2AK1P1,ENST00000481134.1+chr3:142450762-142450890_F:1_P:15,43.0,nonATG,psORF,1.0,1.0,-5.264
TLEISGIRRIPRTIGFSSQLGGLLPLLQG,"=HYPERLINK(""https://genome.ucsc.edu/cgi-bin/hgTracks?db=hg38&position=chr2:139668691-139668783"", ""chr2:139668691-139668783"")",0.0,0.0,0.0,0.0,False,Salk,MRPS18BP2,ENST00000434310.1+chr2:139668694-139668780_F:1_P:4,29.0,nonATG,psORF,3.0,3.0,
VEKLSDGVAVLKVGGTSDVEVNEEKDRVIGALNATRAAVEEGIV,"=HYPERLINK(""https://genome.ucsc.edu/cgi-bin/hgTracks?db=hg38&position=chr8:7420013-7420150"", ""chr8:7420013-7420150"")",0.0,37.35072850677594,0.0,47.701041083848914,False,Salk,HSPD1P3,ENST00000533477.1+chr8:7420016-7420147_F:2_P:24,44.0,nonATG,psORF,1.0,1.0,
MTSRRSCARSPWTWIRRWPCLASSSFLEKSYELPYIQVITICNQLFCCPKALFQPSFLGMKSCGIHETTFNSIMKCDMDIHKDLYVNTVLSGSTTMYPSIANRM,"=HYPERLINK(""https://genome.ucsc.edu/cgi-bin/hgTracks?db=hg38&position=chr3:175977674-175977991"", ""chr3:175977674-175977991"")",20.63051505490365,86.28527365874852,15.811143203886411,110.43892379957524,False,Salk,ACTG1P23,ENST00000437653.1-chr3:175977677-175977988_F:1_P:7_M,104.0,ATG,psORF,4.0,4.0,
MTTPALGSAVPSLLAIPPWAAAVTHCRLGRAAVAAAAEATTTYSRVRGAATRAS,"=HYPERLINK(""https://genome.ucsc.edu/cgi-bin/hgTracks?db=hg38&position=chrX:44285048-44285215"", ""chrX:44285048-44285215"")",0.0,0.0,0.0,0.0,False,Salk,TATDN2P1,ENST00000443767.1+chrX:44285051-44285212_F:2_P:13_M,54.0,ATG,psORF,1.0,1.0,-6.269
MTTVHAITATQKTVDGPSGKL,"=HYPERLINK(""https://genome.ucsc.edu/cgi-bin/hgTracks?db=hg38&position=chr19:46559153-46559221"", ""chr19:46559153-46559221"")",1.1419993734237717,1032.9868035905977,0.8728063427611982,1059.3279747739757,True,Salk,GAPDHP38,ENST00000503632.1+chr19:46559156-46559218_F:2_P:10_M,21.0,ATG,psORF,4.0,94.0,
MTSQIASEPGEAKKMEDKKEDNKLVLADSSEGQDQL,"=HYPERLINK(""https://genome.ucsc.edu/cgi-bin/hgTracks?db=hg38&position=chr5:75911674-75911787"", ""chr5:75911674-75911787"")",0.0,0.0,0.0,0.0,False,Salk,BIN2P2,ENST00000503900.1+chr5:75911677-75911784_F:1_P:11_M,36.0,ATG,psORF,6.0,6.0,
MTLESLEEIQDVSCAWKELNRKLSSNAVSQITRMCLLKGNVRVCFDVPTTKSERLQAEWHDSDWIFSVPAKLPEIEEYYDRNTSSNSRQRSGWSSGQSGRSGGRSGSRSVRQSPQGSRSGS,"=HYPERLINK(""https://genome.ucsc.edu/cgi-bin/hgTracks?db=hg38&position=chr2:32203563-32203931"", ""chr2:32203563-32203931"")",0.0,0.546277260654534,0.0,0.6639230326284628,True,Salk,DDX50P1,ENST00000438163.1+chr2:32203566-32203928_F:0_P:23_M,121.0,ATG,psORF,1.0,1.0,
MTQKAAASVEHLAIRCHWSQRPAVTGDVLQVYSGSEGTAIIFCETQRSVTEIAMNPHIKQNAQCLHGDIAQSQREFTLKDFREGSFKVLVATNVAACGLDIPEVDLVIHGSPPQDVESISIVLDAQVELDRQGFVYVFINQEKEVN,"=HYPERLINK(""https://genome.ucsc.edu/cgi-bin/hgTracks?db=hg38&position=chr2:32202857-32203300"", ""chr2:32202857-32203300"")",0.0,0.1496387795827984,0.0,0.2009152547043447,True,Salk,DDX50P1,ENST00000438163.1+chr2:32202860-32203297_F:2_P:27_M,146.0,ATG,psORF,2.0,2.0,
MTRQGEPQVQFKLVLVGDGGTGKTTFVKHHLTGEFEKCIATLGVEVHPLVFHTNRGPIKFNVWDTASREKFGRLRDGYYIQAQCAIIMFDVTSRVTYMCLSGIEIR,"=HYPERLINK(""https://genome.ucsc.edu/cgi-bin/hgTracks?db=hg38&position=chr4:173634051-173634374"", ""chr4:173634051-173634374"")",0.6370680100637859,69.80436056806614,0.4713896431472873,89.40754014889548,True,Salk,RANP6,ENST00000413691.2-chr4:173634054-173634371_F:2_P:0_M,106.0,ATG,psORF,7.0,7.0,-0.551
MVAGPRCLPVHSWHSSRRVSDDLVVEKSLKSFKDKNKKLEEGGQVYTPTPQRWW,"=HYPERLINK(""https://genome.ucsc.edu/cgi-bin/hgTracks?db=hg38&position=chr8:99696143-99696310"", ""chr8:99696143-99696310"")",0.0,0.0,0.0,0.0,False,Salk,Unnamed,ENST00000421439.1+chr8:99696146-99696307_F:2_P:1_M,54.0,ATG,psORF,6.0,6.0,
MVATMKKTAAEDVNVTFEEQQKINKFAWNTSRITELKEEIEVKQKQLQNVEDARDGTMLADADCLMMPYQIGDVFISHSQEETQEMLEAANKNLQEATDALESKVEAIQWV,"=HYPERLINK(""https://genome.ucsc.edu/cgi-bin/hgTracks?db=hg38&position=chr7:2835618-2835956"", ""chr7:2835618-2835956"")",0.0,13.236432932719156,0.0,16.393535340935944,False,Salk,Unnamed,ENST00000438379.1+chr7:2835621-2835953_F:0_P:0_M,111.0,ATG,psORF,3.0,3.0,-4.39
MVAVGIVIMNSVMLVLREEEALVTLEEEAEATEVVNRVMETRAVAMAGLAPMTAITMEEAEAALMLAVEAILEVAEATMILAITTVSLQILNP,"=HYPERLINK(""https://genome.ucsc.edu/cgi-bin/hgTracks?db=hg38&position=chr3:150000275-150000559"", ""chr3:150000275-150000559"")",0.0,0.1684675142620932,0.0,0.2200113246931302,False,Salk,HNRNPA1P24,ENST00000476029.1+chr3:150000278-150000556_F:2_P:10_M,93.0,ATG,psORF,2.0,2.0,-1.155
MVGMGQKDSYEGDEAQSKRGILTLKYPIEHSIITNWDDMEKIWHHNFYNEPRVAPRSTRSAD,"=HYPERLINK(""https://genome.ucsc.edu/cgi-bin/hgTracks?db=hg38&position=chr1:77774673-77774864"", ""chr1:77774673-77774864"")",0.0,10.979367520609994,0.1376024481668761,4.79657292014782,False,Salk,ACTG1P21,ENST00000431536.1-chr1:77774676-77774861_F:2_P:0_M,62.0,ATG,psORF,3282.0,4363.0,
MVGMGQKDSYMGHEAQSKHDILTLKYPIEHGIITIWDDMEKIWHHTFYNELCMTPEKHPVLLAEAPRTPRPTEKR,"=HYPERLINK(""https://genome.ucsc.edu/cgi-bin/hgTracks?db=hg38&position=chrX:53143556-53143786"", ""chrX:53143556-53143786"")",0.0,114.55577314257488,0.0,84.25847002830328,True,Salk,ACTG1P10,ENST00000428275.1-chrX:53143559-53143783_F:1_P:3_M,75.0,ATG,psORF,246.0,246.0,
MSVIRLPSLMVEMSKSQDDEIGDGTTGVVVLAGALLEEAQELPDRSIHPIRIADGYEQAACFAVEHLDKISDSILVDIKDTKPLIQTAKTTLGSKVVNNCYRQMAEIAVNAILP,"=HYPERLINK(""https://genome.ucsc.edu/cgi-bin/hgTracks?db=hg38&position=chr13:78909162-78909509"", ""chr13:78909162-78909509"")",0.0,2.294386163904792,0.0,2.9710077642365555,False,Salk,CCT5P2,ENST00000432974.1+chr13:78909165-78909506_F:0_P:6_M,114.0,ATG,psORF,8.0,8.0,
MTLADDTTLDDLIMAKDDLSGADIKVTCREAGLWP,"=HYPERLINK(""https://genome.ucsc.edu/cgi-bin/hgTracks?db=hg38&position=chr1:118614434-118614544"", ""chr1:118614434-118614544"")",0.0,0.3686465606205806,0.0,0.4814365457990852,False,Salk,PSMC1P12,ENST00000436509.2-chr1:118614437-118614541_F:1_P:18_M,35.0,ATG,psORF,1.0,1.0,
MSQKAKLGTLAVVQEMEGTKTTGRSQIGKMAKRIKTPDLHLSQRNLRKIQLPSSVLQASMLLSLLMVKMKMREKIMPN,"=HYPERLINK(""https://genome.ucsc.edu/cgi-bin/hgTracks?db=hg38&position=chr9:96147618-96147857"", ""chr9:96147618-96147857"")",0.0,48.665255181076304,0.0,0.0,False,Salk,EIF4BP3,ENST00000432132.2+chr9:96147621-96147854_F:0_P:12_M,78.0,ATG,psORF,1.0,1.0,-3.558
MSSLAILKKKHRKC,"=HYPERLINK(""https://genome.ucsc.edu/cgi-bin/hgTracks?db=hg38&position=chr7:2835835-2835882"", ""chr7:2835835-2835882"")",0.0,0.0,0.0,0.0,False,Salk,Unnamed,ENST00000438379.1+chr7:2835838-2835879_F:1_P:8_M,14.0,ATG,psORF,4.0,4.0,-6.146
MTFSIPTHKRRLVIGRGGQNVKVINQQTVAFVEISWQLPSSGDPNFKSFIIQGSPQQIQHAEQLIEGALQPGATWAPPRAWGLPPYQGWGNTYPQWQPPAPHDPSKAAASTADANATWAAYYSHYYQQSPPRRRPRAGPRGFTRSR,"=HYPERLINK(""https://genome.ucsc.edu/cgi-bin/hgTracks?db=hg38&position=chr9:21696194-21696637"", ""chr9:21696194-21696637"")",0.6569968300194853,3.762728606845084,0.4964482947125105,4.430405117088291,True,Salk,KHSRPP1,ENST00000427983.2+chr9:21696197-21696634_F:2_P:16_M,146.0,ATG,psORF,25.0,25.0,
MTGDAAKNQVAMNPTNMVFDAKRLIAHRFDDAVVQSEMKHWPFMVVNDAGRPKVQVEYKGESKSFYPEKVSSMVLTNMKEIAEAYLGKTVTHAVVAVPAYFNDSQRQATKDAGTIVGLNVLRIINEPTAAAYGLDKRLEQKEMY,"=HYPERLINK(""https://genome.ucsc.edu/cgi-bin/hgTracks?db=hg38&position=chr12:4097595-4098032"", ""chr12:4097595-4098032"")",0.0812842616724678,354.5064769003305,0.0592454985162939,453.02175274285446,True,Salk,HSPA8P5,ENST00000456928.2+chr12:4097598-4098029_F:0_P:2_M,144.0,ATG,psORF,437.0,2041.0,
MTIAKNAGVEVSLIVEKIMQSSSEVGYDAMGRDFVNMVEKGIIDTTKFVRTALLDASGVASLLTTAEVLVTEIPKEEKDPGMGAMDGMGGGMGGGMF,"=HYPERLINK(""https://genome.ucsc.edu/cgi-bin/hgTracks?db=hg38&position=chr4:144847051-144847347"", ""chr4:144847051-144847347"")",0.0,1.47430326849705,0.0,1.850477681422719,False,Salk,HSPD1P5,ENST00000511127.1+chr4:144847054-144847344_F:1_P:36_M,97.0,ATG,psORF,150.0,150.0,
MTKESKALMGLYHGQVLCKKNTSGAPQKDVKHLAIPGAGMMGAGIAQVSVDKGRKTILKDATLTGLG,"=HYPERLINK(""https://genome.ucsc.edu/cgi-bin/hgTracks?db=hg38&position=chr4:165405166-165405372"", ""chr4:165405166-165405372"")",0.0,1.1055933299400078,0.0,1.3019722836839085,False,Salk,HADHAP1,ENST00000514498.1-chr4:165405169-165405369_F:0_P:10_M,67.0,ATG,psORF,2.0,2.0,
MSYVHVELTFNDKKNVPESFKGTKKGIVYLTPYRSSFCPRRRTP,"=HYPERLINK(""https://genome.ucsc.edu/cgi-bin/hgTracks?db=hg38&position=chr12:32227957-32228094"", ""chr12:32227957-32228094"")",0.0,0.0,0.0,0.0,False,Salk,Unnamed,ENST00000549976.1-chr12:32227960-32228091_F:0_P:0_M,44.0,ATG,psORF,1.0,1.0,
MVTWKADGTLITQSVEKTTPSKQSNNKYVASSYLSLTPEQWRSRRSYSCQVMQEGSTVEKSVAPAECS,"=HYPERLINK(""https://genome.ucsc.edu/cgi-bin/hgTracks?db=hg38&position=chr22:23638624-23638833"", ""chr22:23638624-23638833"")",0.0,0.0,0.0,0.0,False,Salk,Unnamed,ESPRESSO_chr22_19498_26-chr22:23638627-23638830_F:1_P:11_M,68.0,ATG,psORF,6.0,6.0,0.709
MVWSTRSGMVQTEARYRFIYMAVQHYIETLQRRIEQKQKSKRKGHEYINIKYPLADQTSGNQSPLPPCTPKPPCAEMRGDSARVYENVGLIQQQKTFR,"=HYPERLINK(""https://genome.ucsc.edu/cgi-bin/hgTracks?db=hg38&position=chr4:82580117-82580416"", ""chr4:82580117-82580416"")",0.0,4.2444255964055335,0.0,0.2104184319357564,False,Salk,PTPN11P5,ENST00000506227.2-chr4:82580120-82580413_F:1_P:20_M,98.0,ATG,psORF,2.0,2.0,
MVYMFQYDSTHGKFHGTIKAENGKLVINGNPITIFEVRDPSKIKWGNAGAESIMESTGIFTTRKKAGARLQGGAKRVIISAPSSDAPMFVMGMNHEKYDNSFKIISNASCTTNCLVPQPRSPMTTLVSWKDS,"=HYPERLINK(""https://genome.ucsc.edu/cgi-bin/hgTracks?db=hg38&position=chr19:46558758-46559159"", ""chr19:46558758-46559159"")",1.2707694610607978,807.8646424347403,0.9596392059830684,1002.7411193913524,False,Salk,GAPDHP38,ENST00000503632.1+chr19:46558761-46559156_F:0_P:0_M,132.0,ATG,psORF,599.0,937.0,
MVSSPRLREDMATLEKDYEEVGNDSSEDENEGEE,"=HYPERLINK(""https://genome.ucsc.edu/cgi-bin/hgTracks?db=hg38&position=chr4:124435747-124435854"", ""chr4:124435747-124435854"")",0.4381525976783291,0.521555868888302,0.3193554144621618,0.699752819578161,False,Salk,TUBAP10,ENST00000506481.1-chr4:124435750-124435851_F:0_P:20_M,34.0,ATG,psORF,8.0,8.0,
MVQEAEKYRAEDEKQKDKMSSKNSVESYAFDMKAAVEDEKLQGKINVEDKQKILDKGIKIINWLDKNQIQKKEEFQHQNLEKVCNHIITNLYQSTGGTPEGMPGGFPDGGAPSAGASPGPPLKRLT,"=HYPERLINK(""https://genome.ucsc.edu/cgi-bin/hgTracks?db=hg38&position=chr5:130141568-130141951"", ""chr5:130141568-130141951"")",0.3225689960812034,18.74596675257903,0.2405858399120363,24.10958956041717,False,Salk,HSPA8P4,ENST00000511877.1+chr5:130141571-130141948_F:2_P:32_M,126.0,ATG,psORF,1.0,1.0,
MVRLQGEASPLDFPTGMQYLSGASRTCPTCTLPPGSRASCRSSGQSPS,"=HYPERLINK(""https://genome.ucsc.edu/cgi-bin/hgTracks?db=hg38&position=chr4:112359671-112359820"", ""chr4:112359671-112359820"")",1.6456492483155365,2.064350603246212,1.3431962347491888,2.383811439925888,False,Salk,RTEL1P1,ENST00000504490.2+chr4:112359674-112359817_F:2_P:38_M,48.0,ATG,psORF,1.0,1.0,
MYKEEGLKTFYKGVAPLWMRQIAYAMMKFACF,"=HYPERLINK(""https://genome.ucsc.edu/cgi-bin/hgTracks?db=hg38&position=chr12:111993592-111993693"", ""chr12:111993592-111993693"")",0.0,0.0,0.0,0.0,False,Salk,SLC25A3P2,ENST00000547720.1+chr12:111993595-111993690_F:1_P:8_M,32.0,ATG,psORF,4.0,4.0,-2.389
MWISKQEYDESGPSIVHCKC,"=HYPERLINK(""https://genome.ucsc.edu/cgi-bin/hgTracks?db=hg38&position=chr3:175977496-175977561"", ""chr3:175977496-175977561"")",0.0,2757.3400890191283,0.0,1.490958908867078,False,Salk,ACTG1P23,ENST00000437653.1-chr3:175977499-175977558_F:0_P:9_M,20.0,ATG,psORF,6.0,6.0,
MWISKQEYNESGPSIIHRKWTASRCIAFAAWVNSEV,"=HYPERLINK(""https://genome.ucsc.edu/cgi-bin/hgTracks?db=hg38&position=chr6:46206033-46206146"", ""chr6:46206033-46206146"")",0.0,274.43396847595005,0.0,0.0,True,Salk,ACTG1P9,ENST00000457622.1+chr6:46206036-46206143_F:0_P:15_M,36.0,ATG,psORF,21.0,21.0,
MWNNTAADDKQP,"=HYPERLINK(""https://genome.ucsc.edu/cgi-bin/hgTracks?db=hg38&position=chr14:67615872-67615913"", ""chr14:67615872-67615913"")",0.0,89.69200720246155,0.0,115.32120829129214,False,Salk,Unnamed,ENST00000559968.1+chr14:67615875-67615910_F:0_P:12_M,12.0,ATG,psORF,24.0,24.0,
MDEEEQVATPSPPPLPKKETKPEPVEEDLPENKKQALKEKELRNDAYKKKD,"=HYPERLINK(""https://genome.ucsc.edu/cgi-bin/hgTracks?db=hg38&position=chrX:86085617-86085775"", ""chrX:86085617-86085775"")",0.4030586023848607,28.306657125499587,0.3080492974451287,36.42369860476455,True,Salk,STIP1P3,ENST00000394563.4-chrX:86085620-86085772_F:1_P:6_M,51.0,ATG,psORF,4.0,4.0,-0.089
KVFPCERYLQRHLPTHRSGGRFKGQVCKKSSRRVHYLKLRAHNHSGEKPYKCSVCESAFNLKDKL,"=HYPERLINK(""https://genome.ucsc.edu/cgi-bin/hgTracks?db=hg38&position=chr4:80386849-80387049"", ""chr4:80386849-80387049"")",0.0,0.0,0.0,0.0,False,Salk,Unnamed,ENST00000506637.2-chr4:80386852-80387046_F:0_P:12,65.0,nonATG,psORF,1.0,1.0,
KQVNELKEKGNKALGVENIDNALQCYSEAIKLDPHNHVLYSNCSATYAKKGDYQKAYKDGCKTVDLKV,"=HYPERLINK(""https://genome.ucsc.edu/cgi-bin/hgTracks?db=hg38&position=chrX:86086131-86086340"", ""chrX:86086131-86086340"")",0.0,5.280869646425556,0.0,6.811883635634063,False,Salk,STIP1P3,ENST00000394563.4-chrX:86086134-86086337_F:2_P:0,68.0,nonATG,psORF,4.0,4.0,1.398
MDDDIAALVIDNSSGMCKAGFTGDDDPWAIFPSMVGRPRHQGVMVSMGQKDSYVGDEAQSKRGILTLKYPIEHGIVTNWDDMEKIWHHIFHNELRVAPKQHPVLLTKAP,"=HYPERLINK(""https://genome.ucsc.edu/cgi-bin/hgTracks?db=hg38&position=chr1:223864522-223864854"", ""chr1:223864522-223864854"")",29.155315783650227,1667.0881358182107,22.62562384743153,2144.2420447666145,True,Salk,ACTBP11,ENST00000436287.1-chr1:223864525-223864851_F:0_P:0_M,109.0,ATG,psORF,5380.0,9456.0,
MDDDIEVLVVNNGSGMCKVNFVGDNAPRAIFPSIVGHLKHQGVMVGIGQKDSYVGEDAQSKRGNLTLKYPIEQSIVTNWDDIEKIWHHTFFFFFFFLRRSLALLLRLEGSGAISAHCMLHLPGLCHSPASAS,"=HYPERLINK(""https://genome.ucsc.edu/cgi-bin/hgTracks?db=hg38&position=chr19:9518147-9518548"", ""chr19:9518147-9518548"")",0.0,1.80856512573264,0.0,2.234610704531064,False,Salk,Unnamed,ENST00000567299.1+chr19:9518150-9518545_F:2_P:0_M,132.0,ATG,psORF,64.0,64.0,
MDDDITMLVVDNGSGMCKASFAGDDAHPGPSSPSLWGAPDTRA,"=HYPERLINK(""https://genome.ucsc.edu/cgi-bin/hgTracks?db=hg38&position=chr15:43990053-43990187"", ""chr15:43990053-43990187"")",24.38460423144947,894.8131802959083,18.63265674138255,1129.8307152248096,False,Salk,ACTBP7,ENST00000418351.1-chr15:43990056-43990184_F:2_P:0_M,43.0,ATG,psORF,31.0,31.0,
MCRAGFAGDSALQAVFLSIMGHPRHQGVMVGMGQKDSYVGDKGPEQERHSDPEVPHRAWHRHQLGGYGGDLAPHLLQ,"=HYPERLINK(""https://genome.ucsc.edu/cgi-bin/hgTracks?db=hg38&position=chr18:62442051-62442287"", ""chr18:62442051-62442287"")",0.1381928415683041,88.2140466558801,0.1007243422236874,113.34568619702502,False,Salk,ACTBP9,ENST00000587663.1+chr18:62442054-62442284_F:0_P:0_M,77.0,ATG,psORF,7.0,7.0,
MAYWYGKCMAYCLLYHRDVPKDVNAAIATIKTKCSIQLVYCCPTGLKVGIN,"=HYPERLINK(""https://genome.ucsc.edu/cgi-bin/hgTracks?db=hg38&position=chr4:124436025-124436183"", ""chr4:124436025-124436183"")",0.0,75.16291098404562,0.0,91.74242505914778,False,Salk,TUBAP10,ENST00000506481.1-chr4:124436028-124436180_F:2_P:9_M,51.0,ATG,psORF,33.0,308.0,
MCKTSFAGDDASGAVFPSIVGRPRHQGVMVGMGQKDS,"=HYPERLINK(""https://genome.ucsc.edu/cgi-bin/hgTracks?db=hg38&position=chr3:175978421-175978537"", ""chr3:175978421-175978537"")",0.0,109.53405008392964,0.4192310460121043,0.0,True,Salk,ACTG1P23,ENST00000437653.1-chr3:175978424-175978534_F:1_P:0_M,37.0,ATG,psORF,3.0,345.0,
IIYEGEGSGLIREDPIGAGALYDYGR,"=HYPERLINK(""https://genome.ucsc.edu/cgi-bin/hgTracks?db=hg38&position=chr5:134924492-134924575"", ""chr5:134924492-134924575"")",184.2234737909356,497.9081976312124,160.67256346694143,600.4489579183736,False,Salk,MTND6P4,ENST00000506002.1+chr5:134924495-134924572_F:2_P:1,26.0,nonATG,psORF,1.0,225.0,
MDSSKLDSGKGLHINLVPNKQNQTLTIVDTRIGMTKTDLINNLGTVTKSGTKAFMEALQADADISMIGHFGVGFYSAYLVAKKVTVISKHNNDEQYTWESSAGGSFTVRTDE,"=HYPERLINK(""https://genome.ucsc.edu/cgi-bin/hgTracks?db=hg38&position=chr1:158523861-158524202"", ""chr1:158523861-158524202"")",2.4376109462909588,27.24852355049416,1.866363213357665,34.62175336728346,True,Salk,HSP90AA3P,ENST00000436135.1+chr1:158523864-158524199_F:0_P:1_M,112.0,ATG,psORF,105.0,105.0,
KFDRGYISPYFINTSKGEKCEFQDAYVLLHEKKISSVQSIVTALEIANAYCKPLVIIAGDIDGEALTTLILNRLKVGLQVVAVKAPGFGDNRKNQLKDTVIATGGTVFGEEG,"=HYPERLINK(""https://genome.ucsc.edu/cgi-bin/hgTracks?db=hg38&position=chr8:7419494-7419835"", ""chr8:7419494-7419835"")",0.0,12.899405864761016,0.0,16.506354700661237,False,Salk,HSPD1P3,ENST00000533477.1+chr8:7419497-7419832_F:2_P:18,112.0,nonATG,psORF,1.0,1.0,
MDKETLKDVARASLCTKVHAELADVLTEAVVGSILAIKRKDEPIDLFMIL,"=HYPERLINK(""https://genome.ucsc.edu/cgi-bin/hgTracks?db=hg38&position=chr7:65755866-65756537"", ""chr7:65755866-65756537"")",0.0,2.085926896311577,0.0,2.5678276623967515,True,Salk,CCT6P1,ENST00000688735.2+chr7:65755869-65756534_F:2_P:5_M,50.0,ATG,psORF,3.0,3.0,4.461
LLDLAGELKEEDQGAIKLLPDPDQGIVSDLVRLLHIGGKRCRELKG,"=HYPERLINK(""https://genome.ucsc.edu/cgi-bin/hgTracks?db=hg38&position=chr5:155492311-155492454"", ""chr5:155492311-155492454"")",0.0,3.176426317424379,0.0,4.189758656383647,False,Salk,Unnamed,ENST00000605123.1+chr5:155492314-155492451_F:1_P:7,46.0,nonATG,psORF,1.0,458.0,
MAATTGSGVKVPRNFRLLEKLEEGQKGVGDGTVSWDLEDDEDMTLTRWTGMIIGPPRTIYENRIYSLKIECGPKYPEAPPFLRFVTKINMNGVNSSNGVVDPRAYQC,"=HYPERLINK(""https://genome.ucsc.edu/cgi-bin/hgTracks?db=hg38&position=chr3:175718345-175718671"", ""chr3:175718345-175718671"")",0.1392260590753569,244.53484410925915,0.1014774214178831,317.8619256243262,True,Salk,UBE2V1P2,ENST00000397758.2-chr3:175718348-175718668_F:1_P:0_M,107.0,ATG,psORF,212.0,442.0,-5.023
MAPAHAKLALLGIVPRAMFPSITGYPWHQGMMVGIGQKDSYLGDEAQSKCSILTLKVPRGPPHHHQLG,"=HYPERLINK(""https://genome.ucsc.edu/cgi-bin/hgTracks?db=hg38&position=chr1:202873325-202873534"", ""chr1:202873325-202873534"")",0.2519116264905379,0.5532773182429546,0.1925308109032054,0.7193341742459427,False,Salk,ACTG1P25,ENST00000438944.1+chr1:202873328-202873531_F:2_P:0_M,68.0,ATG,psORF,1278.0,1278.0,
MAPLGTQTTPGRQVSALWEGIPAEVHLPQQGDCGHQLLVVQAGIPQQGVLLRAAADRGAVLAGGPRSRGHPAHLDPPRPEAPEYSESKQEEEEGILQEEVQQERA,"=HYPERLINK(""https://genome.ucsc.edu/cgi-bin/hgTracks?db=hg38&position=chr13:43968933-43969253"", ""chr13:43968933-43969253"")",0.0,20.389344889154465,0.0,25.95447690625385,False,Salk,DGKZP1,ENST00000378718.2+chr13:43968936-43969250_F:0_P:3_M,105.0,ATG,psORF,7.0,7.0,
MAPSRKFFVGRNWKMNGRKKCLGELIGTQNAATVPADTKVICALATAYNELARQKLAPKIAVAPQNCYKVTNGAFTGEISPGMVKDLGVTWVVWSWGTQKACLWGVR,"=HYPERLINK(""https://genome.ucsc.edu/cgi-bin/hgTracks?db=hg38&position=chr7:129056016-129056342"", ""chr7:129056016-129056342"")",0.1690602145915048,100.38144674591392,0.1232225831502867,89.70936203619469,True,Salk,TPI1P2,ENST00000635637.1+chr7:129056019-129056339_F:0_P:16_M,107.0,ATG,psORF,5.0,5.0,
MAAQLREYYQDLLNVKMALDIEIAPYRKLLEGEECQTGFGPIPFSLPEGLLQMPSMSTHIKV,"=HYPERLINK(""https://genome.ucsc.edu/cgi-bin/hgTracks?db=hg38&position=chr1:116741307-116741498"", ""chr1:116741307-116741498"")",0.0,1.4099061607380268,0.0,1.808980436648564,True,Salk,NEFHP1,ENST00000412845.1-chr1:116741310-116741495_F:2_P:14_M,62.0,ATG,psORF,6.0,6.0,
MAEVEQKKKRTFRKFTYRGVDLDQLLDMSYEQLEQPMQLYSARQRRRLNRGLRRKQHSLLKRLRKAKKEAPPMEKQEVVKTHLRDMIILPEMVGSMVGVYNGKTFNQVEIKPEMIGHYLGEFSITYKPVKHGRPGIGATHSSRFIPLK,"=HYPERLINK(""https://genome.ucsc.edu/cgi-bin/hgTracks?db=hg38&position=chr2:171517270-171517719"", ""chr2:171517270-171517719"")",0.0,541.7620364016319,0.0,698.0821339045244,True,Salk,RPS15P4,ENST00000433675.1-chr2:171517273-171517716_F:0_P:0_M,148.0,ATG,psORF,1.0,1.0,-0.401
MAGPGGKRTTSLPKRRGCGCCWRGEAQNLRTARTGRTCRGQAGRRPGPRQVATAEERSGSHL,"=HYPERLINK(""https://genome.ucsc.edu/cgi-bin/hgTracks?db=hg38&position=chr8:12008944-12015000"", ""chr8:12008944-12015000"")",0.0,31.119059560790177,18.56503084336419,0.0,True,Salk,Unnamed,ENST00000641966.1-chr8:12008947-12014997_F:0_P:0_M,62.0,ATG,psORF,5.0,5.0,
MAELTAQISQLELARQKKESEAMEWQQKAQMVQEDLEKTRAELKTAMSTSHVAEPAENEQDEQDENGAEASADLRADAMAKDRSEEECTTEAEKNERVQKHLKALTSELASARDESKKTANDMIHAENM,"=HYPERLINK(""https://genome.ucsc.edu/cgi-bin/hgTracks?db=hg38&position=chr5:25910759-25911151"", ""chr5:25910759-25911151"")",0.0,22.11657487260567,0.0,28.078148678258817,True,Salk,MSNP1,ENST00000511640.1+chr5:25910762-25911148_F:2_P:3_M,129.0,ATG,psORF,4.0,4.0,
MAKWKIVRNIKEKLCYVALDFE,"=HYPERLINK(""https://genome.ucsc.edu/cgi-bin/hgTracks?db=hg38&position=chr6:46205579-46205650"", ""chr6:46205579-46205650"")",0.0,0.0,0.0,0.0,False,Salk,ACTG1P9,ENST00000457622.1+chr6:46205582-46205647_F:2_P:12_M,22.0,ATG,psORF,3.0,3.0,
MADIDNKEQSELDQDLDDAEKVEEGTGEETKIKAHQLTVQMMQNPQILAALQERLDGLIETPTGYIESLPRVVKKQVNALKHL,"=HYPERLINK(""https://genome.ucsc.edu/cgi-bin/hgTracks?db=hg38&position=chr13:47763457-47763711"", ""chr13:47763457-47763711"")",0.0,48.09610457044207,0.0,62.04703124073223,True,Salk,NAP1L4P3,ENST00000432820.1+chr13:47763460-47763708_F:1_P:0_M,83.0,ATG,psORF,6.0,6.0,-5.256
MAEEGIAAGGVMEVNTALQEVLKTALIHDGLARGIREAAKVLDKRQAHLCVLASNCDEPMYVKLVEALCAEHQINLIKVDDNKKLGEWVGLCKIDREGKPHKVVGYSCVVVKDYGKESQAKDVIEEYFKCKK,"=HYPERLINK(""https://genome.ucsc.edu/cgi-bin/hgTracks?db=hg38&position=chr11:74745716-74746117"", ""chr11:74745716-74746117"")",0.0,48.96747830792579,0.0,62.8768949389127,True,Salk,Unnamed,ENST00000428553.1-chr11:74745719-74746114_F:1_P:0_M,132.0,ATG,psORF,1.0,20.0,1.042
MAALRPLVKPKIVKKRTKKFIQHQSDQYVKIKRNWRKPRGTDNRVRRRFKGQILMPNIGYGSNKKTKHMLPSGFRKFLVHNIKELEVLLMCNKSYCAEIAHNVSSKNRKAIVETAAQLAIRVTNPNARLRSEENE,"=HYPERLINK(""https://genome.ucsc.edu/cgi-bin/hgTracks?db=hg38&position=chr7:44467894-44468304"", ""chr7:44467894-44468304"")",0.0,208.3088716647733,3.464017686534442,7.870124189838715,True,Salk,RPL32P18,ENST00000487895.1+chr7:44467897-44468301_F:1_P:0_M,135.0,ATG,psORF,4.0,5.0,2.03
LLSSGLLDISGTSGTSLSRTQFHQG,"=HYPERLINK(""https://genome.ucsc.edu/cgi-bin/hgTracks?db=hg38&position=chr1:44958820-44958900"", ""chr1:44958820-44958900"")",0.0,0.0,0.0,0.0,False,Salk,CCNB1IP1P1,ENST00000428976.1+chr1:44958823-44958897_F:1_P:7,25.0,nonATG,psORF,3.0,3.0,
LLLPAEAIKQNALTQDYTFYAICWLDLYPYP,"=HYPERLINK(""https://genome.ucsc.edu/cgi-bin/hgTracks?db=hg38&position=chr13:84520499-84520597"", ""chr13:84520499-84520597"")",0.0,0.0,0.0,0.0,False,Salk,MTND4P1,ENST00000457501.1+chr13:84520502-84520594_F:2_P:11,31.0,nonATG,psORF,168.0,168.0,
MATTASSSSLEKI,"=HYPERLINK(""https://genome.ucsc.edu/cgi-bin/hgTracks?db=hg38&position=chr1:202873923-202873967"", ""chr1:202873923-202873967"")",0.0,0.0,0.0,0.0,False,Salk,ACTG1P25,ENST00000438944.1+chr1:202873926-202873964_F:0_P:9_M,13.0,ATG,psORF,3.0,3.0,
MATTTSSSLEKSYKLPDGQVITISNKRFQCPEALFQPSFLGMESCGIHETTFNSIMKCDVDIRKDLYTNIGLSRGTTMYPGITDRMQKEINALASSTMKIKLIVPPECKYSVWISGSILASLSTFQQMWISKQEYDESGPCIVHRKCF,"=HYPERLINK(""https://genome.ucsc.edu/cgi-bin/hgTracks?db=hg38&position=chr1:27325347-27325796"", ""chr1:27325347-27325796"")",4.721727658305768,244.720153386544,3.663023283079869,309.75176202450814,True,Salk,ACTG1P20,ENST00000486001.1+chr1:27325350-27325793_F:0_P:0_M,148.0,ATG,psORF,28.0,28.0,
MATVASSSSLEKSY,"=HYPERLINK(""https://genome.ucsc.edu/cgi-bin/hgTracks?db=hg38&position=chr1:77774279-77774326"", ""chr1:77774279-77774326"")",0.0,0.0,0.0,0.0,False,Salk,ACTG1P21,ENST00000431536.1-chr1:77774282-77774323_F:1_P:5_M,14.0,ATG,psORF,1.0,1.0,
LSRVKALQGEALKTEENKIKVVALKITNNINALIKDLFHIPPSYKSTVTLSWKPVQKVEIGQKRASEDTTSGSPPKKSSAGPKRDARQIYNPPSGKYSSNLSNFNYERSLQG,"=HYPERLINK(""https://genome.ucsc.edu/cgi-bin/hgTracks?db=hg38&position=chrX:116106918-116107259"", ""chrX:116106918-116107259"")",0.0,60.746184747730425,0.0,78.38482577359052,False,Salk,API5P1,ENST00000424316.1-chrX:116106921-116107256_F:2_P:27,112.0,nonATG,psORF,8.0,8.0,
MAAKAASGGEEGSVPRERGAGQARLGMESVPSSEAGTDPLPVTATEASVPDRGADAQENAPQAVLLPPLRGACPQPGRGGAGAGG,"=HYPERLINK(""https://genome.ucsc.edu/cgi-bin/hgTracks?db=hg38&position=chr13:80654771-80655031"", ""chr13:80654771-80655031"")",0.0,0.4825634210568583,0.0,0.5308053697872117,False,Salk,PWWP2AP1,ENST00000429776.2+chr13:80654774-80655028_F:2_P:0_M,85.0,ATG,psORF,1.0,1.0,-0.052
MASPSGSSKATGKPRGWDGRPRREEDDVPPEEKRLRLGLEGGSAQPEDCEDGEDAPRPGREETGTQTGGDGRGVEAGGSPKVRSSRPGWPTWRNCLY,"=HYPERLINK(""https://genome.ucsc.edu/cgi-bin/hgTracks?db=hg38&position=chr4:9532426-9538605"", ""chr4:9532426-9538605"")",0.0,25.148426117978083,0.0,0.0,True,Salk,Unnamed,ESPRESSO_chr4_21658_2+chr4:9532429-9538602_F:1_P:0_M,97.0,ATG,psORF,1.0,2.0,2.659
MARKLGFAGLVQEISFWTTKDKMLVIEQCKNSRAITIFMRRRNKMIIEEAKQSLHGALCVIWNLIRDNHVVYGGGAAEISCALPVSQEVDKCPTLEQYAMRALANTLEVIPKALSENGGMNPIQSMTKV,"=HYPERLINK(""https://genome.ucsc.edu/cgi-bin/hgTracks?db=hg38&position=chr13:78909962-78910354"", ""chr13:78909962-78910354"")",0.0,1.2329373372991337,0.0,1.5820407072311635,True,Salk,CCT5P2,ENST00000432974.1+chr13:78909965-78910351_F:2_P:10_M,129.0,ATG,psORF,1.0,1.0,
MARSSPSATSGSGTGGTVSAFQGMESCGIQETTFNSIMKCDVDICKELYAKMVLSSGTTMYLGIADRMQKEITALAPSSMKIKIIMPPECKYSVWIGGSILASLSTFQQMWISKQEYDELGPSVVHHK,"=HYPERLINK(""https://genome.ucsc.edu/cgi-bin/hgTracks?db=hg38&position=chr3:139494549-139494938"", ""chr3:139494549-139494938"")",1.815244537844112,204.7645996402714,1.443142281591928,260.7405966964909,False,Salk,ACTG1P1,ENST00000415794.1+chr3:139494552-139494935_F:0_P:6_M,128.0,ATG,psORF,185.0,185.0,-0.055
MAAHHSSPLKMQNKAHKSGQHRGRGSAQQDGKGHLALKTLSKKVRKELSRVDQRHSASQLQKQKKEVVLAEKRQLGSKDGSPH,"=HYPERLINK(""https://genome.ucsc.edu/cgi-bin/hgTracks?db=hg38&position=chr5:57319769-57320023"", ""chr5:57319769-57320023"")",0.0,0.0,0.0,0.0,False,Salk,Unnamed,ENST00000510053.2-chr5:57319772-57320020_F:1_P:0_M,83.0,ATG,psORF,1.0,25.0,
MASDHVVDMQDLTEFLDEASSPSEYAVFLLHWLFPELFDHCKLGEYYSCYGDGSKQELEPQRLQIICNYTEVYFSHMQEEEAWLQQCAQRINDKLQGLRLDAGSEDEPPT,"=HYPERLINK(""https://genome.ucsc.edu/cgi-bin/hgTracks?db=hg38&position=chr9:92172352-92172687"", ""chr9:92172352-92172687"")",0.0,0.0,0.0,0.0,False,Salk,BEND3P2,ENST00000414425.2+chr9:92172355-92172684_F:1_P:14_M,110.0,ATG,psORF,1.0,1.0,
MATAASSSSLEKSYELPDSQAIIISNERFRCPRHCSSLPSWAWNPVASMKVPSTPS,"=HYPERLINK(""https://genome.ucsc.edu/cgi-bin/hgTracks?db=hg38&position=chr6:46205651-46205824"", ""chr6:46205651-46205824"")",0.0,112.15354821199,0.0,134.58232572273428,True,Salk,ACTG1P9,ENST00000457622.1+chr6:46205654-46205821_F:2_P:13_M,56.0,ATG,psORF,1389.0,1389.0,
MAAAAAGAGSGPSAAQEKQFLPALLSFFIYNPRFWPREGEVVRNPIIEKQ,"=HYPERLINK(""https://genome.ucsc.edu/cgi-bin/hgTracks?db=hg38&position=chr7:97969813-97972257"", ""chr7:97969813-97972257"")",0.8227893268198825,5.55178688135948,0.5994554265860325,7.402844205681199,True,Salk,CCZ1P1,ESPRESSO_chr7_27415_35-chr7:97969816-97972254_F:0_P:1_M,50.0,ATG,psORF,1.0,1.0,5.331
LYSTTRFPLSSSRKISSIRSSSLTPLSHRRPYPHLSPTSLKPHSCSWGLSTQPLPPLSRK,"=HYPERLINK(""https://genome.ucsc.edu/cgi-bin/hgTracks?db=hg38&position=chr5:94567754-94567939"", ""chr5:94567754-94567939"")",2.8307713908655536,15.939453212603842,2.5243863292565174,19.63372412257059,False,Salk,MTND5P12,ENST00000502851.1+chr5:94567757-94567936_F:2_P:3,60.0,nonATG,psORF,2.0,2.0,
DSLASSEEKDPGRSYC,"=HYPERLINK(""https://genome.ucsc.edu/cgi-bin/hgTracks?db=hg38&position=chr11:14674122-14674175"", ""chr11:14674122-14674175"")",0.0,103.20583062810924,0.0,134.2292761779357,False,Salk,MORF4L1P3,ENST00000525966.1-chr11:14674125-14674172_F:2_P:9,16.0,nonATG,psORF,6.0,6.0,
MESCGIHESTFNSIMKCDMDIPKDLYANTVLSGVTTMYPGIPNRMQKEITALASSTMKIKISCPQSASTLCGSVAPSWPHCPPSSRCGLASRSTTSRAPPSSTANGLRADA,"=HYPERLINK(""https://genome.ucsc.edu/cgi-bin/hgTracks?db=hg38&position=chr6:46205776-46206114"", ""chr6:46205776-46206114"")",0.0,225.3588244725485,0.0,162.1400877513963,False,Salk,ACTG1P9,ENST00000457622.1+chr6:46205779-46206111_F:1_P:10_M,111.0,ATG,psORF,15.0,15.0,
MESNGIFTTLAKAGAHLERGTKRFIISIPSADVPMFVMGMNHKHENKLTVISNASCTTNCLDPLAKVIHDNFGIREGLMTTVHSIIATQKTVDGPSRKLWHDSHGAFQNTIPASTGAAK,"=HYPERLINK(""https://genome.ucsc.edu/cgi-bin/hgTracks?db=hg38&position=chr12:7566645-7567007"", ""chr12:7566645-7567007"")",0.0,14.129533560295547,0.0,18.232839152708426,False,Salk,GAPDHP31,ENST00000509325.1+chr12:7566648-7567004_F:0_P:2_M,119.0,ATG,psORF,43.0,43.0,-4.387
MESRGIHETTFNSIMKCDVDILKDPYANTVLSGGTTRYPGIADRMQKITTLAPSTMKIKITAPPKRKYSVWIGSSILAWLSTVQQMWISKQEYDESGTSIIHRRCF,"=HYPERLINK(""https://genome.ucsc.edu/cgi-bin/hgTracks?db=hg38&position=chr15:43989061-43989384"", ""chr15:43989061-43989384"")",4.781750471923376,135.9622985538151,3.796483438428916,174.98716196016798,True,Salk,ACTBP7,ENST00000418351.1-chr15:43989064-43989381_F:0_P:7_M,106.0,ATG,psORF,1360.0,1360.0,
CNIKSYLHVPIWHRDQVRACENISIVLCGNKVDIKKRKGKAKSIVFHQKNNLQYYDISAKSNYNFEKPFHWLAR,"=HYPERLINK(""https://genome.ucsc.edu/cgi-bin/hgTracks?db=hg38&position=chr4:173633878-173634105"", ""chr4:173633878-173634105"")",0.0,3.423432096842334,0.0,4.431289335969209,False,Salk,RANP6,ENST00000413691.2-chr4:173633881-173634102_F:0_P:8,74.0,nonATG,psORF,10.0,10.0,-3.479
MESCGIHETTFNSIMKCDMDICKDRYVNRVLSGGTTVYPGIADRMQEITGLAPSTMKIKIIAPSERKYSMWIGSSILASLSTSQQIWISKQEYDESSPSIVHHKCF,"=HYPERLINK(""https://genome.ucsc.edu/cgi-bin/hgTracks?db=hg38&position=chr18:62442806-62443129"", ""chr18:62442806-62443129"")",0.1104239026493902,288.3181812211752,0.0804844508145879,371.5055832210423,False,Salk,ACTBP9,ENST00000587663.1+chr18:62442809-62443126_F:2_P:7_M,106.0,ATG,psORF,7.0,15.0,
MESCGIHETTFNSIMKCDVDICKDLHANKVLSSGTTMYPGITNRMQKAITALAPSTMKIKIIVPPERKYSVWICSSILASLSIFQQMWINKQEYNKLAPPSSTANA,"=HYPERLINK(""https://genome.ucsc.edu/cgi-bin/hgTracks?db=hg38&position=chr3:12071038-12071361"", ""chr3:12071038-12071361"")",2.018967990096436,145.18269974166552,1.7131129218891417,184.5129501432918,False,Salk,ACTG1P12,ENST00000423183.1+chr3:12071041-12071358_F:1_P:8_M,106.0,ATG,psORF,2.0,6.0,
DEGPGCRAKDPPPEFCKSKNPGKKKKKKKKKASKTAENATSGETLEENEAGDQ,"=HYPERLINK(""https://genome.ucsc.edu/cgi-bin/hgTracks?db=hg38&position=chr9:89450593-89450757"", ""chr9:89450593-89450757"")",0.0,24.295624991021263,0.0,0.0,False,Salk,PA2G4P6,ENST00000438325.2+chr9:89450596-89450754_F:1_P:28,53.0,nonATG,psORF,1.0,1.0,
MESCGIHKTTFNSIMKCDVDIRKDLYANTVLSSSTTMCPGITTLASSTMKIKFIMPPEHKYSVWIGGSILASLSTFQQMWISN,"=HYPERLINK(""https://genome.ucsc.edu/cgi-bin/hgTracks?db=hg38&position=chrX:53142863-53143117"", ""chrX:53142863-53143117"")",0.0,506.9874658416725,0.0,642.192215522326,False,Salk,ACTG1P10,ENST00000428275.1-chrX:53142866-53143114_F:1_P:6_M,83.0,ATG,psORF,9.0,9.0,
MESCGIQETTFNSIMKCDVHICKDLYANTVLSGGTTMYPGIADRMQKAITTLGPSTMEIKIIAPPESRYSMWISGSILALLSTFQQMWISKQEYN,"=HYPERLINK(""https://genome.ucsc.edu/cgi-bin/hgTracks?db=hg38&position=chr1:77773910-77774200"", ""chr1:77773910-77774200"")",0.1232098282193196,154.73008818493804,0.0898037030141718,199.3335154114504,True,Salk,ACTG1P21,ENST00000431536.1-chr1:77773913-77774197_F:1_P:6_M,95.0,ATG,psORF,2.0,506.0,
EITALAPSTTKLKITAPPSASTPCGSAAPSWPPFHLPADVDQQAGV,"=HYPERLINK(""https://genome.ucsc.edu/cgi-bin/hgTracks?db=hg38&position=chr3:175977533-175977676"", ""chr3:175977533-175977676"")",27.154191312241128,1235.7991382747252,21.57168077397747,35.07580477989088,False,Salk,ACTG1P23,ENST00000437653.1-chr3:175977536-175977673_F:1_P:8,46.0,nonATG,psORF,930.0,930.0,
ESRGWCGPGALRRRVFGESDELIGQKSGPCSGRETRSNRLHWGEAR,"=HYPERLINK(""https://genome.ucsc.edu/cgi-bin/hgTracks?db=hg38&position=chr7:129056278-129056421"", ""chr7:129056278-129056421"")",0.0,546.803323255888,0.0,606.4959632338936,False,Salk,TPI1P2,ENST00000635637.1+chr7:129056281-129056418_F:1_P:17,46.0,nonATG,psORF,8.0,8.0,
DYGVLLEGSGLALRGLFITDPNGVIKHLSVNDLPVGRSVEETLHLVKAFQYVETHGEVCPANWTLDSPTIKPNPAASKEYFQKVNQ,"=HYPERLINK(""https://genome.ucsc.edu/cgi-bin/hgTracks?db=hg38&position=chr22:38722741-38723004"", ""chr22:38722741-38723004"")",0.0,27.923749846741377,0.0,36.190669696331405,False,Salk,PRDX3P1,ENST00000418695.1-chr22:38722744-38723001_F:0_P:13,86.0,nonATG,psORF,318.0,318.0,-0.908
MEPNHPFYSNISKDRRYADLTEDLLPSCESLKDTIARALTFWNEEIVPQIKEGKRVLIAAHGNSLRGIAKHLEGLSEEAIMELNLPTGIPIVYEWDKNLKPIKPMQFLGDEEMVRKAMEAVAAQGKAKK,"=HYPERLINK(""https://genome.ucsc.edu/cgi-bin/hgTracks?db=hg38&position=chr11:65175035-65175427"", ""chr11:65175035-65175427"")",0.0,182.1832746650909,0.0,233.68520679045312,True,Salk,PGAM1P8,ENST00000534819.1-chr11:65175038-65175424_F:1_P:14_M,129.0,ATG,psORF,373.0,373.0,
AYSLFQHPGHIEIDCLYEGINFCTSITHARFEELNADLFRGTLDPVEKALRDAKFDKSQIHDIVLAGGSTRIPKIQKLLQDFFNGKELNKGINADEAVAYGIAVQAAILSGDKSENVQDLLLFDVTPLSLGIETAGGVT,"=HYPERLINK(""https://genome.ucsc.edu/cgi-bin/hgTracks?db=hg38&position=chr12:4098391-4098813"", ""chr12:4098391-4098813"")",0.1602085451925435,317.2651167810422,0.1224440552794486,405.3924842091815,False,Salk,HSPA8P5,ENST00000456928.2+chr12:4098394-4098810_F:1_P:22,139.0,nonATG,psORF,2.0,2.0,
AAAAATQARAGWAAKARWWTTACGTT,"=HYPERLINK(""https://genome.ucsc.edu/cgi-bin/hgTracks?db=hg38&position=chr5:157987626-157987709"", ""chr5:157987626-157987709"")",0.0,4.577528543307391,0.0,6.0988692321429285,False,Salk,Unnamed,ENST00000519230.1-chr5:157987629-157987706_F:2_P:0,26.0,nonATG,psORF,8.0,8.0,
MFPSIVRCPWHHGVMVGMSQKDSYVGDEAQTKHSILTLKYPIKHDIITNEVGRHGEDLAPHLLQQAACGPRRVPCADDQGPPLC,"=HYPERLINK(""https://genome.ucsc.edu/cgi-bin/hgTracks?db=hg38&position=chr3:139493898-139494155"", ""chr3:139493898-139494155"")",10.263286409325453,96.68439800529644,7.886529413891521,122.85852420674634,False,Salk,ACTG1P1,ENST00000415794.1+chr3:139493901-139494152_F:0_P:1_M,84.0,ATG,psORF,3186.0,3186.0,
MFQAEEMVEFSSGLKDMSLNFETDNVGIVVFENNKVRKEV,"=HYPERLINK(""https://genome.ucsc.edu/cgi-bin/hgTracks?db=hg38&position=chr16:72006306-72006431"", ""chr16:72006306-72006431"")",0.4710747415373059,5.034095330454574,0.3600326163889942,6.5757278732323705,True,Salk,ATP5F1AP3,ENST00000573189.2-chr16:72006309-72006428_F:2_P:2_M,40.0,ATG,psORF,90.0,90.0,-0.638
AVSQTKAGQSNLPRHERQIWHWLPSLL,"=HYPERLINK(""https://genome.ucsc.edu/cgi-bin/hgTracks?db=hg38&position=chr12:3841955-3842041"", ""chr12:3841955-3842041"")",0.0,0.0,0.0,0.0,False,Salk,OTUD4P1,ENST00000237841.5+chr12:3841958-3842038_F:2_P:35,27.0,nonATG,psORF,1.0,1.0,
AVPTLGLKTDAIPGRLNQTTFTATRPGVYYGQCSEICGANQFYAHRPRINSPKNL,"=HYPERLINK(""https://genome.ucsc.edu/cgi-bin/hgTracks?db=hg38&position=chr1:633243-633413"", ""chr1:633243-633413"")",0.0,2824.2604204956306,0.0,3571.0704858764457,False,Salk,MTCO2P12,ENST00000427426.1+chr1:633246-633410_F:0_P:3,55.0,nonATG,psORF,33.0,33.0,
ARPGGSSSSRRKPPLVPQAPAPGWKGRGGGGGGGGGGHLARTTAARRAVNKVVYDDHGS,"=HYPERLINK(""https://genome.ucsc.edu/cgi-bin/hgTracks?db=hg38&position=chr17:68205881-68206063"", ""chr17:68205881-68206063"")",0.3607067390087939,193.3129989137201,0.2629076051262349,243.09613744576345,False,Salk,Unnamed,ENST00000614046.1+chr17:68205884-68206060_F:2_P:2,59.0,nonATG,psORF,1.0,1.0,-2.244
MERLTLACGGVALNSFEDLSPDCLRHAGLVYEYTLGEVHLY,"=HYPERLINK(""https://genome.ucsc.edu/cgi-bin/hgTracks?db=hg38&position=chr7:65758307-65759880"", ""chr7:65758307-65759880"")",0.0,3.482535938838627,0.0,4.064134468228667,True,Salk,CCT6P1,ENST00000688735.2+chr7:65758310-65759877_F:1_P:13_M,41.0,ATG,psORF,2.0,2.0,2.805
GSRASQDLQDGVLTPPPPPPPPPPAPEVLASAPPLPPSTAAPVGQGARQDDSSSSASPSVQGAPREVVDPSGGWPLC,"=HYPERLINK(""https://genome.ucsc.edu/cgi-bin/hgTracks?db=hg38&position=chr1:15892-16879"", ""chr1:15892-16879"")",0.0,5.792056632556122,0.0,7.398753563524703,False,Salk,WASH7P,ESPRESSO_chr1_0_13-chr1:15895-16876_F:0_P:6,77.0,nonATG,psORF,1.0,1.0,0.979
GSSLTRTISSSLSSSRRRGVSKEVSLTVSHKADCSQID,"=HYPERLINK(""https://genome.ucsc.edu/cgi-bin/hgTracks?db=hg38&position=chr14:23294520-23294639"", ""chr14:23294520-23294639"")",0.0,0.0,0.0,0.0,False,Salk,H3P37,ENST00000604456.1+chr14:23294523-23294636_F:0_P:10,38.0,nonATG,psORF,2.0,2.0,-0.25
GAGASAGRGLCVRSHLRLQKEQLAPGSNVPSSCLTASSPLPSFLGSKWTPTAPAPLGAPAPVPAPASAKSANEPPARRAAAPAAPWAVPSVPRAASAKGRRRSAAAVPDVGTALLPDVNRATCTNLDFFFIQP,"=HYPERLINK(""https://genome.ucsc.edu/cgi-bin/hgTracks?db=hg38&position=chr16:56617420-56618756"", ""chr16:56617420-56618756"")",0.7094665140013919,58.433649983725736,0.632678278009152,75.44213239223042,False,Salk,MT1L,ENST00000565768.3+chr16:56617423-56618753_F:1_P:0,133.0,nonATG,psORF,1.0,1.0,-7.317
MEEEIATLAIDNGSSMCKAGFAGDDAPQAVFPSIIGHPRHKSMMVGMGQKDSYVGDKAQSKPAS,"=HYPERLINK(""https://genome.ucsc.edu/cgi-bin/hgTracks?db=hg38&position=chr1:237926828-237927025"", ""chr1:237926828-237927025"")",0.8643073959668467,563.5469002902862,0.6685660640727535,720.3743250315988,False,Salk,Unnamed,ENST00000450208.1+chr1:237926831-237927022_F:2_P:0_M,64.0,ATG,psORF,1910.0,1911.0,
GGLNQTQLRKILAYSSITHIG,"=HYPERLINK(""https://genome.ucsc.edu/cgi-bin/hgTracks?db=hg38&position=chr1:630138-630206"", ""chr1:630138-630206"")",0.0,728.2991886904006,0.0,911.1304078925982,False,Salk,MTND2P28,ENST00000457540.1+chr1:630141-630203_F:0_P:6,21.0,nonATG,psORF,8.0,8.0,
MEEEIAMLVIDSVSGMYKAGFAGDDAP,"=HYPERLINK(""https://genome.ucsc.edu/cgi-bin/hgTracks?db=hg38&position=chr3:12070222-12070308"", ""chr3:12070222-12070308"")",0.0,0.8108586801842447,0.0,1.0522797796390944,False,Salk,ACTG1P12,ENST00000423183.1+chr3:12070225-12070305_F:1_P:0_M,27.0,ATG,psORF,6.0,6.0,
MEEEIAVLVIDNGSSMCKAGFAGDDNPQPCFLPSSVPPAPGHDGGHGPEGLLCGLHG,"=HYPERLINK(""https://genome.ucsc.edu/cgi-bin/hgTracks?db=hg38&position=chr1:103569550-103569726"", ""chr1:103569550-103569726"")",0.0,0.715583132070709,0.0,0.9300996610496948,False,Salk,ACTG1P4,ENST00000425123.1+chr1:103569553-103569723_F:1_P:0_M,57.0,ATG,psORF,1051.0,1051.0,
MEEDNWRWHFYDTVKGSDWLGDQDAIHYVTEQAPTAMVELENYGMPFSRTEDGKIYQRAFGGQSLKFGKGRQAHRCCCVADRTGHSILHTSYGRSLRYDTSCFVEYFALDLLIENRECRGVIALCIEDGSIHHIRAKNTVVATGVKKLFF,"=HYPERLINK(""https://genome.ucsc.edu/cgi-bin/hgTracks?db=hg38&position=chr3:197615664-197622306"", ""chr3:197615664-197622306"")",0.0,54.19449948530895,0.6437661385175969,25.39508816309536,True,Salk,SDHAP4,ENST00000418868.7-chr3:197615667-197622303_F:1_P:2_M,150.0,ATG,psORF,10.0,11.0,
GAAIALK,"=HYPERLINK(""https://genome.ucsc.edu/cgi-bin/hgTracks?db=hg38&position=chr9:105522614-105522640"", ""chr9:105522614-105522640"")",0.0,0.0,0.0,0.0,False,Salk,RALGAPA1P1,ENST00000443361.1+chr9:105522617-105522637_F:2_P:63,7.0,nonATG,psORF,216.0,216.0,
GVPPVGKGAGTEPARTIEYGGAEAPGWLCG,"=HYPERLINK(""https://genome.ucsc.edu/cgi-bin/hgTracks?db=hg38&position=chr11:95144766-95144861"", ""chr11:95144766-95144861"")",0.0,0.0,0.0,0.0,False,Salk,BUD13P1,ENST00000603676.1+chr11:95144769-95144858_F:0_P:15,30.0,nonATG,psORF,1.0,1.0,-7.328
EYNEFAQVFLKEFVVGVQQVLLKVL,"=HYPERLINK(""https://genome.ucsc.edu/cgi-bin/hgTracks?db=hg38&position=chr1:210861352-210861432"", ""chr1:210861352-210861432"")",0.0,0.0,0.0,0.0,False,Salk,IPO8P1,ENST00000455509.1-chr1:210861355-210861429_F:0_P:12,25.0,nonATG,psORF,1.0,1.0,
MEKVGACFQRGAKRAIISAPAANVPRFLMDVSHEKYDNRFKIISNDSCTTNCLAPLSKVIHDNFGIVEGLVIMVHTITASQKTLDSPSGKLWHDDHRSLQNIIPASTGAAKAVGEVILAQMQGPYKSPME,"=HYPERLINK(""https://genome.ucsc.edu/cgi-bin/hgTracks?db=hg38&position=chr1:119434418-119434813"", ""chr1:119434418-119434813"")",7.549466852653801,6.198795716337186,5.748662696023862,8.038702327574283,True,Salk,GAPDHP74,ENST00000632456.1-chr1:119434421-119434810_F:1_P:1_M,130.0,ATG,psORF,180.0,180.0,-0.569
ETSRGQTGYTRKSVEELQLAKGTEVPVSGK,"=HYPERLINK(""https://genome.ucsc.edu/cgi-bin/hgTracks?db=hg38&position=chr14:18889325-18889420"", ""chr14:18889325-18889420"")",0.0,0.0,0.0,0.0,False,Salk,NEK2P1,ENST00000613011.1-chr14:18889328-18889417_F:1_P:25,30.0,nonATG,psORF,81.0,81.0,
HKRCSWKREFDFGTCAKRPQPNTVSEERN,"=HYPERLINK(""https://genome.ucsc.edu/cgi-bin/hgTracks?db=hg38&position=chr17:18579976-18580068"", ""chr17:18579976-18580068"")",0.0,0.0,0.0,0.0,False,Salk,CCDC144BP,ESPRESSO_chr17_12166_13-chr17:18579979-18580065_F:0_P:67,29.0,nonATG,psORF,25.0,25.0,-8.786
MEKAGADLQGGAKRVIISAPSADAPMFVMDVNHEKYDNSLKIVSNASCITNCLAPLANVIHNFGIVEGPMTTVHAITATQKIVDGPSGKLA,"=HYPERLINK(""https://genome.ucsc.edu/cgi-bin/hgTracks?db=hg38&position=chr5:174513610-174513888"", ""chr5:174513610-174513888"")",16.51758303417327,379.9244092453638,13.738651179762304,484.3102945249457,False,Salk,GAPDHP71,ENST00000511530.1+chr5:174513613-174513885_F:1_P:7_M,91.0,ATG,psORF,3957.0,3957.0,
FWQLQQSVFKFWTHEGRKFWRQKLWPLWRWRPILCKTTKPSGYGGSSSSSSYGSGRRF,"=HYPERLINK(""https://genome.ucsc.edu/cgi-bin/hgTracks?db=hg38&position=chr19:11666069-11666248"", ""chr19:11666069-11666248"")",0.0,288.27278647808663,0.0,366.771770538345,False,Salk,HNRNPA1P10,ENST00000444945.1-chr19:11666072-11666245_F:1_P:23,58.0,nonATG,psORF,1.0,1.0,-4.163
MEIPNENDKLNDMEPSKAVPLNASKQDGPTPQPHSASLHDTETRKLTEECKRLQGEMMKLSEANQHLRDEGLRLRKVAYSDKPGSTSTASFRDVTSLLPSLLVVIAAIFTGFLF,"=HYPERLINK(""https://genome.ucsc.edu/cgi-bin/hgTracks?db=hg38&position=chr15:89201088-89201435"", ""chr15:89201088-89201435"")",0.4815154791594059,50.92541132597634,0.3610711132128456,65.19800532972538,False,Salk,Unnamed,ENST00000563131.2-chr15:89201091-89201432_F:2_P:8_M,114.0,ATG,psORF,8.0,35.0,
GWTWGNFSWGSECCTRKTRIIDVVYNASNNELVRTKTLVKNCIVLIDSTPCRQW,"=HYPERLINK(""https://genome.ucsc.edu/cgi-bin/hgTracks?db=hg38&position=chr5:33162351-33162518"", ""chr5:33162351-33162518"")",0.0,69.78041609378353,0.0,38.61807229913551,False,Salk,Unnamed,ENST00000467270.1+chr5:33162354-33162515_F:0_P:1,54.0,nonATG,psORF,1.0,1.0,2.311
MEKNQENQDQHLRKAGFVNNKILMEDRNSVLGETFNINSNLVPMRKIPDKYDLCIMNVNYISELIVSNRNSFGRKLDELSAHAKLLLHMT,"=HYPERLINK(""https://genome.ucsc.edu/cgi-bin/hgTracks?db=hg38&position=chr10:43523259-43523534"", ""chr10:43523259-43523534"")",0.0,0.0,0.0,0.0,False,Salk,Unnamed,ENST00000421913.1+chr10:43523262-43523531_F:0_P:0_M,90.0,ATG,psORF,1.0,1.0,-6.856
MEIEIAALIIDNGSGMCKAGFAGDGWPLSCVPLHHQVTPAPGCDGGHGPEGLLHGP,"=HYPERLINK(""https://genome.ucsc.edu/cgi-bin/hgTracks?db=hg38&position=chrX:53143743-53143916"", ""chrX:53143743-53143916"")",0.0,40.556290732271535,0.0,0.0,False,Salk,ACTG1P10,ENST00000428275.1-chrX:53143746-53143913_F:2_P:0_M,56.0,ATG,psORF,10.0,10.0,
