gene_name,amyloid,gpath,tangles,cogdx,n_traits_DE
UBE2J2,TRUE,TRUE,TRUE,TRUE,4
MRPL20,TRUE,TRUE,TRUE,TRUE,4
ACOT7,TRUE,TRUE,TRUE,TRUE,4
CAMTA1,TRUE,TRUE,TRUE,TRUE,4
MIIP,TRUE,TRUE,TRUE,FALSE,3
ARHGEF10L,TRUE,TRUE,TRUE,TRUE,4
PINK1,TRUE,TRUE,TRUE,TRUE,4
ECE1,TRUE,TRUE,TRUE,TRUE,4
ZBTB40,TRUE,TRUE,TRUE,TRUE,4
ZNF436-AS1,TRUE,TRUE,TRUE,TRUE,4
RPL11,TRUE,TRUE,TRUE,TRUE,4
HMGN2,TRUE,TRUE,TRUE,TRUE,4
ATP5IF1,TRUE,TRUE,TRUE,TRUE,4
KHDRBS1,TRUE,TRUE,TRUE,TRUE,4
TMEM234,TRUE,TRUE,TRUE,TRUE,4
MARCKSL1,TRUE,TRUE,TRUE,TRUE,4
SFPQ,TRUE,TRUE,TRUE,TRUE,4
TRAPPC3,TRUE,TRUE,TRUE,FALSE,3
COL9A2,TRUE,TRUE,TRUE,TRUE,4
ATP6V0B,TRUE,TRUE,TRUE,TRUE,4
CCDC24,TRUE,TRUE,TRUE,TRUE,4
POMGNT1,TRUE,TRUE,TRUE,TRUE,4
SCP2,TRUE,TRUE,TRUE,TRUE,4
SSBP3,TRUE,TRUE,TRUE,TRUE,4
AK4,TRUE,TRUE,TRUE,TRUE,4
SGIP1,TRUE,TRUE,TRUE,TRUE,4
HS2ST1,TRUE,TRUE,TRUE,FALSE,3
LMO4,TRUE,TRUE,TRUE,TRUE,4
PKN2-AS1,TRUE,TRUE,TRUE,TRUE,4
MTF2,TRUE,TRUE,TRUE,TRUE,4
SLC44A3,TRUE,TRUE,TRUE,TRUE,4
SORT1,TRUE,TRUE,TRUE,TRUE,4
AMPD2,TRUE,TRUE,TRUE,TRUE,4
LAMTOR5,TRUE,TRUE,TRUE,TRUE,4
LRIF1,TRUE,TRUE,TRUE,TRUE,4
AP4B1,TRUE,TRUE,TRUE,TRUE,4
MAN1A2,TRUE,TRUE,TRUE,TRUE,4
POLR3C,TRUE,TRUE,TRUE,TRUE,4
PDE4DIP,TRUE,TRUE,TRUE,TRUE,4
C1orf54,TRUE,TRUE,TRUE,TRUE,4
PIP5K1A,TRUE,TRUE,TRUE,TRUE,4
S100A16,TRUE,FALSE,FALSE,FALSE,1
S100A13,TRUE,FALSE,FALSE,FALSE,1
S100A1,TRUE,TRUE,TRUE,TRUE,4
ILF2,TRUE,TRUE,TRUE,TRUE,4
RPS27,TRUE,TRUE,TRUE,TRUE,4
TPM3,TRUE,TRUE,TRUE,TRUE,4
HAX1,TRUE,TRUE,TRUE,TRUE,4
FDPS,TRUE,TRUE,TRUE,TRUE,4
LAMTOR2,TRUE,TRUE,TRUE,TRUE,4
BCAN,TRUE,TRUE,TRUE,TRUE,4
KCNJ10,TRUE,TRUE,TRUE,TRUE,4
ATP1A2,TRUE,TRUE,TRUE,TRUE,4
DCAF8,TRUE,TRUE,TRUE,FALSE,3
PFDN2,TRUE,TRUE,TRUE,TRUE,4
POGK,TRUE,TRUE,TRUE,TRUE,4
ATP1B1,TRUE,TRUE,TRUE,TRUE,4
DNM3,TRUE,TRUE,TRUE,TRUE,4
COP1,TRUE,TRUE,TRUE,TRUE,4
TSEN15,TRUE,TRUE,TRUE,TRUE,4
TRMT1L,TRUE,TRUE,TRUE,FALSE,3
CSRP1,TRUE,TRUE,TRUE,TRUE,4
ATP2B4,TRUE,TRUE,TRUE,TRUE,4
PPP1R15B,TRUE,TRUE,TRUE,TRUE,4
RCOR3,TRUE,TRUE,TRUE,FALSE,3
NENF,TRUE,TRUE,TRUE,TRUE,4
LYPLAL1,TRUE,TRUE,TRUE,TRUE,4
ENAH,TRUE,TRUE,TRUE,TRUE,4
MRPL55,TRUE,TRUE,TRUE,TRUE,4
RNF187,TRUE,TRUE,TRUE,TRUE,4
HNRNPU,TRUE,TRUE,TRUE,TRUE,4
SH3YL1,TRUE,TRUE,TRUE,TRUE,4
ITGB1BP1,TRUE,TRUE,TRUE,TRUE,4
DTNB,TRUE,TRUE,TRUE,TRUE,4
ASXL2,TRUE,TRUE,TRUE,TRUE,4
DPYSL5,TRUE,TRUE,TRUE,TRUE,4
OST4,TRUE,TRUE,TRUE,TRUE,4
LINC00486,TRUE,TRUE,TRUE,TRUE,4
SRSF7,TRUE,TRUE,TRUE,TRUE,4
CAMKMT,TRUE,TRUE,TRUE,TRUE,4
PRKCE,TRUE,TRUE,TRUE,TRUE,4
RHOQ,TRUE,TRUE,TRUE,TRUE,4
NRXN1,TRUE,TRUE,TRUE,TRUE,4
MDH1,TRUE,TRUE,TRUE,TRUE,4
UGP2,TRUE,TRUE,TRUE,TRUE,4
POLE4,TRUE,TRUE,TRUE,TRUE,4
MRPL19,TRUE,TRUE,TRUE,TRUE,4
TMSB10,TRUE,TRUE,TRUE,TRUE,4
RNF181,TRUE,TRUE,TRUE,TRUE,4
KCNIP3,TRUE,TRUE,TRUE,TRUE,4
SNRNP200,TRUE,TRUE,TRUE,FALSE,3
COX5B,TRUE,TRUE,TRUE,TRUE,4
LONRF2,TRUE,TRUE,TRUE,TRUE,4
POU3F3,TRUE,TRUE,TRUE,TRUE,4
NPHP1,TRUE,TRUE,TRUE,TRUE,4
SLC20A1,TRUE,TRUE,TRUE,TRUE,4
C2orf76,TRUE,TRUE,TRUE,TRUE,4
CFAP221,TRUE,TRUE,TRUE,TRUE,4
IWS1,TRUE,TRUE,TRUE,FALSE,3
MZT2B,TRUE,TRUE,TRUE,TRUE,4
RAB3GAP1,TRUE,TRUE,TRUE,FALSE,3
R3HDM1,TRUE,TRUE,TRUE,TRUE,4
EPC2,TRUE,TRUE,TRUE,TRUE,4
HNRNPA3,TRUE,TRUE,TRUE,TRUE,4
FAM171B,TRUE,TRUE,TRUE,TRUE,4
GLS,TRUE,TRUE,TRUE,TRUE,4
HSPD1,TRUE,TRUE,TRUE,TRUE,4
RFTN2,TRUE,TRUE,TRUE,TRUE,4
PLCL1,TRUE,TRUE,TRUE,TRUE,4
SATB2,TRUE,TRUE,TRUE,TRUE,4
RAPH1,TRUE,TRUE,TRUE,TRUE,4
MDH1B,TRUE,TRUE,TRUE,TRUE,4
UNC80,TRUE,TRUE,TRUE,TRUE,4
FN1,TRUE,TRUE,TRUE,TRUE,4
CUL3,TRUE,TRUE,TRUE,TRUE,4
IRS1,TRUE,TRUE,TRUE,TRUE,4
PSMD1,TRUE,TRUE,TRUE,TRUE,4
RAMP1,TRUE,TRUE,TRUE,TRUE,4
HES6,TRUE,TRUE,TRUE,TRUE,4
COPS9,TRUE,TRUE,TRUE,TRUE,4
KIF1A,TRUE,TRUE,TRUE,TRUE,4
HDLBP,TRUE,TRUE,TRUE,TRUE,4
BRPF1,TRUE,TRUE,TRUE,TRUE,4
TBC1D5,TRUE,TRUE,TRUE,TRUE,4
UBE2E2,TRUE,TRUE,TRUE,TRUE,4
RARB,TRUE,TRUE,TRUE,TRUE,4
TOP2B,TRUE,TRUE,TRUE,FALSE,3
NGLY1,TRUE,TRUE,TRUE,FALSE,3
CMC1,TRUE,TRUE,TRUE,TRUE,4
CMTM6,TRUE,TRUE,TRUE,TRUE,4
EIF1B,TRUE,TRUE,TRUE,TRUE,4
RPL14,TRUE,TRUE,TRUE,TRUE,4
TRAK1,TRUE,TRUE,TRUE,FALSE,3
CCK,TRUE,TRUE,TRUE,TRUE,4
KIF15,TRUE,TRUE,TRUE,TRUE,4
CCDC12,TRUE,TRUE,TRUE,TRUE,4
KIF9,TRUE,TRUE,TRUE,TRUE,4
PLXNB1,TRUE,TRUE,TRUE,TRUE,4
TMA7,TRUE,TRUE,TRUE,TRUE,4
IMPDH2,TRUE,TRUE,TRUE,TRUE,4
RPL29,TRUE,TRUE,TRUE,TRUE,4
PDHB,TRUE,TRUE,TRUE,TRUE,4
FRMD4B,TRUE,TRUE,TRUE,TRUE,4
RYBP,TRUE,TRUE,TRUE,TRUE,4
CADM2,TRUE,TRUE,TRUE,TRUE,4
RPL24,TRUE,TRUE,TRUE,TRUE,4
ALCAM,TRUE,TRUE,TRUE,TRUE,4
LINC00882,TRUE,TRUE,TRUE,TRUE,4
LSAMP,TRUE,TRUE,TRUE,TRUE,4
LINC00903,TRUE,TRUE,TRUE,TRUE,4
GSK3B,TRUE,TRUE,FALSE,TRUE,3
GOLGB1,TRUE,TRUE,TRUE,TRUE,4
IQCB1,TRUE,TRUE,TRUE,FALSE,3
EAF2,TRUE,TRUE,TRUE,TRUE,4
KPNA1,TRUE,TRUE,TRUE,TRUE,4
EEFSEC,TRUE,TRUE,TRUE,TRUE,4
NUDT16,TRUE,TRUE,TRUE,TRUE,4
RAB6B,TRUE,TRUE,TRUE,TRUE,4
NME9,TRUE,TRUE,TRUE,TRUE,4
TFDP2,TRUE,TRUE,TRUE,TRUE,4
RNF13,TRUE,TRUE,TRUE,TRUE,4
MBNL1,TRUE,TRUE,TRUE,TRUE,4
GMPS,TRUE,TRUE,TRUE,FALSE,3
SEC62,TRUE,TRUE,TRUE,TRUE,4
FNDC3B,TRUE,TRUE,TRUE,TRUE,4
DCUN1D1,TRUE,TRUE,TRUE,FALSE,3
AP2M1,TRUE,TRUE,TRUE,TRUE,4
ABCF3,TRUE,TRUE,TRUE,TRUE,4
PSMD2,TRUE,TRUE,TRUE,TRUE,4
CLCN2,TRUE,TRUE,FALSE,FALSE,2
EIF4A2,TRUE,TRUE,TRUE,TRUE,4
RPL39L,TRUE,TRUE,TRUE,TRUE,4
LPP,TRUE,TRUE,TRUE,TRUE,4
NCBP2,TRUE,TRUE,TRUE,TRUE,4
CTBP1-DT,TRUE,TRUE,TRUE,TRUE,4
POLN,TRUE,TRUE,TRUE,TRUE,4
RNF4,TRUE,TRUE,TRUE,TRUE,4
WFS1,TRUE,TRUE,TRUE,TRUE,4
CC2D2A,TRUE,TRUE,TRUE,TRUE,4
PPARGC1A,TRUE,TRUE,TRUE,TRUE,4
PCDH7,TRUE,TRUE,TRUE,TRUE,4
KLHL5,TRUE,TRUE,TRUE,TRUE,4
HOPX,TRUE,TRUE,TRUE,TRUE,4
UTP3,TRUE,TRUE,TRUE,TRUE,4
MAPK10,TRUE,TRUE,TRUE,TRUE,4
NAP1L5,TRUE,TRUE,TRUE,TRUE,4
PPA2,TRUE,TRUE,TRUE,TRUE,4
TBCK,TRUE,TRUE,TRUE,TRUE,4
ANK2,TRUE,TRUE,TRUE,TRUE,4
PCDH10,TRUE,TRUE,TRUE,TRUE,4
SLC7A11,TRUE,TRUE,TRUE,TRUE,4
MGST2,TRUE,TRUE,TRUE,TRUE,4
HHIP,TRUE,TRUE,TRUE,TRUE,4
RPS3A,TRUE,TRUE,TRUE,TRUE,4
VEGFC,TRUE,TRUE,TRUE,TRUE,4
NDUFS6,TRUE,TRUE,TRUE,TRUE,4
CTNND2,TRUE,TRUE,TRUE,TRUE,4
SUB1,TRUE,TRUE,TRUE,TRUE,4
SLC1A3,TRUE,TRUE,TRUE,TRUE,4
TTC33,TRUE,TRUE,TRUE,TRUE,4
RPL37,TRUE,TRUE,TRUE,TRUE,4
OXCT1,TRUE,TRUE,TRUE,TRUE,4
MRPS30,TRUE,TRUE,TRUE,TRUE,4
PLPP1,TRUE,TRUE,TRUE,TRUE,4
CWC27,TRUE,TRUE,TRUE,TRUE,4
CDK7,TRUE,TRUE,TRUE,TRUE,4
TNPO1,TRUE,TRUE,TRUE,TRUE,4
BTF3,TRUE,TRUE,TRUE,TRUE,4
SSBP2,TRUE,TRUE,TRUE,TRUE,4
LINC00461,TRUE,TRUE,TRUE,TRUE,4
NR2F1-AS1,TRUE,TRUE,TRUE,TRUE,4
NR2F1,TRUE,TRUE,TRUE,TRUE,4
FAM172A,TRUE,TRUE,TRUE,TRUE,4
SLF1,TRUE,TRUE,TRUE,TRUE,4
PJA2,TRUE,TRUE,TRUE,TRUE,4
REEP5,TRUE,TRUE,TRUE,TRUE,4
MCC,TRUE,TRUE,TRUE,TRUE,4
CDO1,TRUE,TRUE,TRUE,TRUE,4
HINT1,TRUE,TRUE,TRUE,TRUE,4
LYRM7,TRUE,TRUE,TRUE,TRUE,4
VDAC1,TRUE,TRUE,TRUE,TRUE,4
SKP1,TRUE,TRUE,TRUE,TRUE,4
CAMLG,TRUE,TRUE,TRUE,TRUE,4
UBE2D2,TRUE,TRUE,TRUE,TRUE,4
PSD2,TRUE,TRUE,TRUE,TRUE,4
PURA,TRUE,TRUE,TRUE,TRUE,4
NDUFA2,TRUE,TRUE,TRUE,TRUE,4
PCDHB10,TRUE,TRUE,TRUE,TRUE,4
ARHGAP26,TRUE,TRUE,TRUE,TRUE,4
JAKMIP2,TRUE,TRUE,TRUE,TRUE,4
SLC6A7,TRUE,TRUE,TRUE,TRUE,4
CAMK2A,TRUE,TRUE,TRUE,TRUE,4
ANXA6,TRUE,TRUE,TRUE,TRUE,4
GRIA1,TRUE,TRUE,TRUE,TRUE,4
LARP1,TRUE,TRUE,TRUE,TRUE,4
PANK3,TRUE,TRUE,FALSE,FALSE,2
NPM1,TRUE,TRUE,TRUE,TRUE,4
ERGIC1,TRUE,TRUE,TRUE,TRUE,4
NOP16,TRUE,TRUE,TRUE,TRUE,4
NHP2,TRUE,TRUE,TRUE,TRUE,4
RACK1,TRUE,TRUE,TRUE,TRUE,4
TUBB2A,TRUE,TRUE,TRUE,TRUE,4
TUBB2B,TRUE,TRUE,TRUE,TRUE,4
ELOVL2,TRUE,TRUE,TRUE,TRUE,4
CAP2,TRUE,TRUE,TRUE,TRUE,4
CASC15,TRUE,TRUE,TRUE,TRUE,4
ACOT13,TRUE,TRUE,TRUE,TRUE,4
TRIM27,TRUE,TRUE,TRUE,TRUE,4
GABBR1,TRUE,TRUE,TRUE,TRUE,4
MDC1,TRUE,TRUE,TRUE,TRUE,4
TUBB,TRUE,TRUE,TRUE,TRUE,4
FLOT1,TRUE,TRUE,TRUE,TRUE,4
HSD17B8,TRUE,TRUE,TRUE,FALSE,3
CUTA,TRUE,TRUE,TRUE,TRUE,4
SMIM29,TRUE,TRUE,TRUE,TRUE,4
TBCC,TRUE,TRUE,TRUE,TRUE,4
C6orf226,TRUE,TRUE,TRUE,TRUE,4
KLHDC3,TRUE,TRUE,TRUE,TRUE,4
HSP90AB1,TRUE,TRUE,TRUE,TRUE,4
SUPT3H,TRUE,TRUE,TRUE,TRUE,4
RCAN2,TRUE,TRUE,TRUE,TRUE,4
SLC25A27,TRUE,TRUE,TRUE,FALSE,3
OGFRL1,TRUE,TRUE,TRUE,TRUE,4
RIMS1,TRUE,TRUE,TRUE,TRUE,4
EEF1A1,TRUE,TRUE,TRUE,TRUE,4
LYRM2,TRUE,TRUE,TRUE,TRUE,4
MAP3K7,TRUE,TRUE,TRUE,TRUE,4
PNISR,TRUE,TRUE,TRUE,TRUE,4
ASCC3,TRUE,TRUE,TRUE,TRUE,4
PREP,TRUE,TRUE,TRUE,FALSE,3
RTN4IP1,TRUE,TRUE,TRUE,TRUE,4
SEC63,TRUE,TRUE,TRUE,TRUE,4
PPIL6,TRUE,TRUE,TRUE,FALSE,3
TRAF3IP2,TRUE,TRUE,TRUE,TRUE,4
NT5DC1,TRUE,TRUE,TRUE,TRUE,4
GJA1,TRUE,TRUE,TRUE,TRUE,4
NKAIN2,TRUE,TRUE,TRUE,TRUE,4
HDDC2,TRUE,TRUE,TRUE,TRUE,4
SLC18B1,TRUE,TRUE,TRUE,TRUE,4
SYNE1,TRUE,TRUE,TRUE,TRUE,4
AGPAT4,TRUE,TRUE,TRUE,TRUE,4
CAHM,TRUE,TRUE,TRUE,TRUE,4
C7orf50,TRUE,TRUE,TRUE,TRUE,4
GNA12,TRUE,TRUE,TRUE,TRUE,4
RNF216,TRUE,TRUE,TRUE,TRUE,4
PMS2,TRUE,TRUE,TRUE,TRUE,4
NDUFA4,TRUE,TRUE,TRUE,TRUE,4
TMEM106B,TRUE,TRUE,TRUE,TRUE,4
SNX13,TRUE,TRUE,TRUE,FALSE,3
HDAC9,TRUE,TRUE,TRUE,TRUE,4
ITGB8,TRUE,TRUE,TRUE,TRUE,4
HNRNPA2B1,TRUE,TRUE,TRUE,TRUE,4
LINC00997,TRUE,TRUE,TRUE,TRUE,4
CDK13,TRUE,TRUE,TRUE,TRUE,4
MRPL32,TRUE,TRUE,TRUE,FALSE,3
PPIA,TRUE,TRUE,TRUE,TRUE,4
SNHG15,TRUE,TRUE,TRUE,TRUE,4
TBRG4,TRUE,TRUE,TRUE,FALSE,3
SUMF2,TRUE,TRUE,TRUE,TRUE,4
RFC2,TRUE,TRUE,TRUE,TRUE,4
HIP1,TRUE,TRUE,TRUE,TRUE,4
YWHAG,TRUE,TRUE,TRUE,TRUE,4
SRI,TRUE,TRUE,TRUE,TRUE,4
PON2,TRUE,TRUE,TRUE,TRUE,4
SEM1,TRUE,TRUE,TRUE,TRUE,4
COPS6,TRUE,TRUE,TRUE,TRUE,4
LAMTOR4,TRUE,TRUE,TRUE,TRUE,4
AGFG2,TRUE,TRUE,TRUE,TRUE,4
PMPCB,TRUE,TRUE,TRUE,TRUE,4
PRKAR2B,TRUE,TRUE,TRUE,TRUE,4
KCND2,TRUE,TRUE,TRUE,TRUE,4
ARF5,TRUE,TRUE,TRUE,TRUE,4
ATP6V1F,TRUE,TRUE,TRUE,TRUE,4
MEST,TRUE,TRUE,TRUE,TRUE,4
EXOC4,TRUE,TRUE,TRUE,TRUE,4
SLC35B4,TRUE,TRUE,TRUE,TRUE,4
DENND2A,TRUE,TRUE,TRUE,TRUE,4
ATP6V0E2,TRUE,TRUE,TRUE,TRUE,4
SMARCD3,TRUE,TRUE,TRUE,TRUE,4
KMT2C,TRUE,TRUE,TRUE,TRUE,4
LMBR1,TRUE,TRUE,TRUE,TRUE,4
TMSB4X,TRUE,TRUE,TRUE,TRUE,4
GPM6B,TRUE,TRUE,TRUE,TRUE,4
REPS2,TRUE,TRUE,TRUE,TRUE,4
CDKL5,TRUE,TRUE,TRUE,TRUE,4
SAT1,TRUE,TRUE,TRUE,TRUE,4
EIF2S3,TRUE,TRUE,TRUE,TRUE,4
CASK,TRUE,TRUE,TRUE,TRUE,4
NDUFB11,TRUE,TRUE,TRUE,TRUE,4
UBA1,TRUE,TRUE,TRUE,TRUE,4
USP11,TRUE,TRUE,TRUE,TRUE,4
EBP,TRUE,TRUE,TRUE,TRUE,4
TIMM17B,TRUE,TRUE,TRUE,TRUE,4
SYP,TRUE,TRUE,TRUE,TRUE,4
NLGN3,TRUE,TRUE,TRUE,TRUE,4
RPS4X,TRUE,TRUE,TRUE,TRUE,4
HDAC8,TRUE,TRUE,TRUE,TRUE,4
NAP1L2,TRUE,TRUE,TRUE,TRUE,4
GPRASP1,TRUE,TRUE,TRUE,TRUE,4
BEX2,TRUE,TRUE,TRUE,TRUE,4
BEX3,TRUE,TRUE,TRUE,TRUE,4
COL4A5,TRUE,TRUE,FALSE,FALSE,2
UTP14A,TRUE,TRUE,TRUE,TRUE,4
RBMX2,TRUE,TRUE,TRUE,TRUE,4
GPC4,TRUE,TRUE,FALSE,TRUE,3
SMIM10,TRUE,TRUE,TRUE,TRUE,4
FLNA,TRUE,TRUE,TRUE,TRUE,4
ATP6AP1,TRUE,TRUE,TRUE,TRUE,4
GDI1,TRUE,TRUE,TRUE,TRUE,4
MCPH1,TRUE,TRUE,TRUE,TRUE,4
CNOT7,TRUE,TRUE,TRUE,TRUE,4
FZD3,TRUE,TRUE,TRUE,TRUE,4
KIF13B,TRUE,TRUE,TRUE,TRUE,4
VDAC3,TRUE,TRUE,TRUE,TRUE,4
ATP6V1H,TRUE,TRUE,TRUE,TRUE,4
RPS20,TRUE,TRUE,TRUE,TRUE,4
CHCHD7,TRUE,TRUE,TRUE,TRUE,4
ARMC1,TRUE,TRUE,TRUE,TRUE,4
STAU2,TRUE,TRUE,TRUE,TRUE,4
GDAP1,TRUE,TRUE,TRUE,TRUE,4
ZNF704,TRUE,TRUE,TRUE,TRUE,4
FABP5,TRUE,TRUE,TRUE,TRUE,4
RALYL,TRUE,TRUE,TRUE,TRUE,4
NBN,TRUE,TRUE,TRUE,FALSE,3
C8orf88,TRUE,TRUE,TRUE,TRUE,4
TRIQK,TRUE,TRUE,TRUE,TRUE,4
SDC2,TRUE,TRUE,TRUE,TRUE,4
COX6C,TRUE,TRUE,TRUE,TRUE,4
YWHAZ,TRUE,TRUE,TRUE,TRUE,4
BAALC-AS1,TRUE,TRUE,TRUE,TRUE,4
OXR1,TRUE,TRUE,TRUE,TRUE,4
SAMD12,TRUE,TRUE,TRUE,TRUE,4
TRMT12,TRUE,TRUE,TRUE,TRUE,4
NDUFB9,TRUE,TRUE,TRUE,TRUE,4
NDRG1,TRUE,TRUE,TRUE,TRUE,4
EEF1D,TRUE,TRUE,TRUE,TRUE,4
TIGD5,TRUE,TRUE,TRUE,TRUE,4
PUF60,TRUE,TRUE,TRUE,TRUE,4
RPL8,TRUE,TRUE,TRUE,TRUE,4
PTPRD,TRUE,TRUE,TRUE,TRUE,4
RPS6,TRUE,TRUE,TRUE,TRUE,4
DCTN3,TRUE,TRUE,TRUE,TRUE,4
OSTF1,TRUE,TRUE,TRUE,TRUE,4
IDNK,TRUE,TRUE,TRUE,TRUE,4
HNRNPK,TRUE,TRUE,TRUE,TRUE,4
BICD2,TRUE,TRUE,TRUE,TRUE,4
HABP4,TRUE,TRUE,TRUE,TRUE,4
SEC61B,TRUE,TRUE,TRUE,TRUE,4
SLC44A1,TRUE,TRUE,TRUE,TRUE,4
KLF4,TRUE,TRUE,TRUE,TRUE,4
ZNF483,TRUE,TRUE,TRUE,TRUE,4
ATP6V1G1,TRUE,TRUE,TRUE,TRUE,4
CDK5RAP2,TRUE,TRUE,TRUE,TRUE,4
STRBP,TRUE,TRUE,TRUE,TRUE,4
RPL35,TRUE,TRUE,TRUE,TRUE,4
RPL7A,TRUE,TRUE,TRUE,TRUE,4
SNHG7,TRUE,TRUE,TRUE,TRUE,4
PHPT1,TRUE,TRUE,TRUE,TRUE,4
EDF1,TRUE,TRUE,TRUE,TRUE,4
FBXW5,TRUE,TRUE,TRUE,TRUE,4
PAXX,TRUE,TRUE,TRUE,TRUE,4
TUBB4B,TRUE,TRUE,TRUE,TRUE,4
PSMD13,TRUE,TRUE,TRUE,TRUE,4
IFITM3,TRUE,FALSE,TRUE,FALSE,2
B4GALNT4,TRUE,TRUE,TRUE,TRUE,4
HRAS,TRUE,TRUE,TRUE,FALSE,3
GATD1,TRUE,TRUE,TRUE,TRUE,4
CEND1,TRUE,TRUE,TRUE,TRUE,4
RPLP2,TRUE,TRUE,TRUE,TRUE,4
POLR2L,TRUE,TRUE,TRUE,TRUE,4
MOB2,TRUE,TRUE,TRUE,TRUE,4
TSSC4,TRUE,TRUE,TRUE,TRUE,4
APBB1,TRUE,TRUE,TRUE,TRUE,4
RIC3,TRUE,TRUE,TRUE,TRUE,4
RPL27A,TRUE,TRUE,TRUE,TRUE,4
DENND5A,TRUE,TRUE,TRUE,TRUE,4
TMEM41B,TRUE,TRUE,TRUE,TRUE,4
GALNT18,TRUE,TRUE,TRUE,TRUE,4
DKK3,TRUE,TRUE,TRUE,TRUE,4
MICAL2,TRUE,TRUE,TRUE,TRUE,4
PSMA1,TRUE,TRUE,TRUE,TRUE,4
C11orf58,TRUE,TRUE,TRUE,TRUE,4
RPS13,TRUE,TRUE,TRUE,TRUE,4
LDHA,TRUE,TRUE,TRUE,TRUE,4
DNAJC24,TRUE,TRUE,TRUE,TRUE,4
IMMP1L,TRUE,TRUE,TRUE,TRUE,4
ELP4,TRUE,TRUE,TRUE,TRUE,4
CD59,TRUE,TRUE,TRUE,TRUE,4
C11orf96,TRUE,TRUE,TRUE,TRUE,4
CRY2,TRUE,TRUE,TRUE,TRUE,4
MAPK8IP1,TRUE,TRUE,TRUE,TRUE,4
PHF21A,TRUE,TRUE,TRUE,TRUE,4
LRP4-AS1,TRUE,TRUE,TRUE,TRUE,4
PSMC3,TRUE,FALSE,TRUE,TRUE,3
NDUFS3,TRUE,TRUE,TRUE,TRUE,4
SERPING1,TRUE,TRUE,TRUE,TRUE,4
TMEM258,TRUE,TRUE,TRUE,TRUE,4
FADS3,TRUE,TRUE,TRUE,TRUE,4
FTH1,TRUE,TRUE,TRUE,TRUE,4
TMEM179B,TRUE,TRUE,TRUE,TRUE,4
DNAJC4,TRUE,TRUE,FALSE,TRUE,3
FKBP2,TRUE,TRUE,TRUE,TRUE,4
PPP1R14B,TRUE,TRUE,TRUE,TRUE,4
SF1,TRUE,TRUE,TRUE,TRUE,4
TM7SF2,TRUE,TRUE,TRUE,TRUE,4
FAU,TRUE,TRUE,TRUE,TRUE,4
CFL1,TRUE,TRUE,TRUE,TRUE,4
YIF1A,TRUE,TRUE,TRUE,TRUE,4
RBM14-RBM4,TRUE,TRUE,TRUE,TRUE,4
GSTP1,TRUE,TRUE,TRUE,TRUE,4
LAMTOR1,TRUE,TRUE,TRUE,TRUE,4
ANAPC15,TRUE,TRUE,TRUE,TRUE,4
ARRB1,TRUE,TRUE,TRUE,TRUE,4
RPS3,TRUE,TRUE,TRUE,TRUE,4
EMSY,TRUE,TRUE,TRUE,TRUE,4
EED,TRUE,TRUE,TRUE,FALSE,3
SRSF8,TRUE,TRUE,TRUE,TRUE,4
DCUN1D5,TRUE,TRUE,FALSE,TRUE,3
SIK2,TRUE,TRUE,TRUE,TRUE,4
PTS,TRUE,TRUE,TRUE,TRUE,4
SIDT2,TRUE,TRUE,TRUE,TRUE,4
TAGLN,TRUE,TRUE,TRUE,TRUE,4
RPS25,TRUE,TRUE,TRUE,TRUE,4
ARHGEF12,TRUE,TRUE,TRUE,TRUE,4
ZMYND11,TRUE,TRUE,TRUE,TRUE,4
NEBL,TRUE,TRUE,TRUE,TRUE,4
BAMBI,TRUE,TRUE,TRUE,TRUE,4
ZEB1,TRUE,TRUE,TRUE,TRUE,4
ZNF33A,TRUE,TRUE,TRUE,TRUE,4
RASGEF1A,TRUE,TRUE,TRUE,TRUE,4
OGDHL,TRUE,TRUE,FALSE,FALSE,2
HNRNPH3,TRUE,TRUE,TRUE,TRUE,4
SUPV3L1,TRUE,TRUE,TRUE,TRUE,4
PPA1,TRUE,TRUE,TRUE,TRUE,4
SLC29A3,TRUE,TRUE,TRUE,TRUE,4
CAMK2G,TRUE,TRUE,TRUE,TRUE,4
TBC1D12,TRUE,TRUE,TRUE,TRUE,4
PGAM1,TRUE,TRUE,TRUE,TRUE,4
HPS1,TRUE,TRUE,TRUE,FALSE,3
BLOC1S2,TRUE,TRUE,TRUE,TRUE,4
OLMALINC,TRUE,TRUE,TRUE,TRUE,4
HIF1AN,TRUE,TRUE,TRUE,TRUE,4
SLF2,TRUE,TRUE,TRUE,TRUE,4
BTRC,TRUE,TRUE,FALSE,TRUE,3
DPCD,TRUE,TRUE,TRUE,TRUE,4
PDCD11,TRUE,TRUE,TRUE,TRUE,4
PLEKHA1,TRUE,TRUE,TRUE,TRUE,4
LHPP,TRUE,TRUE,TRUE,TRUE,4
BCCIP,TRUE,TRUE,TRUE,TRUE,4
INPP5A,TRUE,TRUE,TRUE,TRUE,4
GAPDH,TRUE,TRUE,TRUE,TRUE,4
CHD4,TRUE,FALSE,TRUE,TRUE,3
COPS7A,TRUE,TRUE,TRUE,TRUE,4
PTMS,TRUE,TRUE,TRUE,TRUE,4
TPI1,TRUE,TRUE,TRUE,TRUE,4
ENO2,TRUE,TRUE,TRUE,TRUE,4
C12orf57,TRUE,TRUE,TRUE,TRUE,4
GABARAPL1,TRUE,TRUE,TRUE,TRUE,4
EIF2S3B,TRUE,TRUE,FALSE,FALSE,2
ST8SIA1,TRUE,TRUE,TRUE,TRUE,4
BICD1,TRUE,TRUE,TRUE,TRUE,4
DNM1L,TRUE,TRUE,TRUE,TRUE,4
YARS2,TRUE,TRUE,TRUE,FALSE,3
CPNE8,TRUE,TRUE,TRUE,TRUE,4
KIF21A,TRUE,TRUE,TRUE,TRUE,4
TUBA1B,TRUE,TRUE,TRUE,TRUE,4
KCNH3,TRUE,TRUE,TRUE,TRUE,4
PFDN5,TRUE,TRUE,TRUE,TRUE,4
AAAS,TRUE,FALSE,TRUE,FALSE,2
PPP1R1A,TRUE,TRUE,TRUE,TRUE,4
RNF41,TRUE,TRUE,TRUE,TRUE,4
ATP5F1B,TRUE,TRUE,TRUE,TRUE,4
RXYLT1,TRUE,TRUE,TRUE,TRUE,4
MSRB3,TRUE,TRUE,TRUE,TRUE,4
CCT2,TRUE,TRUE,TRUE,TRUE,4
NAP1L1,TRUE,TRUE,TRUE,FALSE,3
DUSP6,TRUE,TRUE,TRUE,TRUE,4
NTN4,TRUE,TRUE,TRUE,TRUE,4
ANKS1B,TRUE,TRUE,TRUE,TRUE,4
ACTR6,TRUE,TRUE,TRUE,TRUE,4
MYBPC1,TRUE,TRUE,TRUE,TRUE,4
GNPTAB,TRUE,TRUE,TRUE,TRUE,4
HSP90B1,TRUE,TRUE,TRUE,TRUE,4
MMAB,TRUE,TRUE,TRUE,TRUE,4
MVK,TRUE,TRUE,TRUE,TRUE,4
ATP2A2,TRUE,TRUE,TRUE,TRUE,4
ERP29,TRUE,TRUE,TRUE,TRUE,4
RBM19,TRUE,TRUE,TRUE,TRUE,4
WSB2,TRUE,TRUE,TRUE,TRUE,4
PEBP1,TRUE,TRUE,TRUE,TRUE,4
CIT,TRUE,TRUE,TRUE,TRUE,4
RPLP0,TRUE,TRUE,TRUE,TRUE,4
CAMKK2,TRUE,TRUE,TRUE,TRUE,4
ARL6IP4,TRUE,TRUE,TRUE,TRUE,4
CCDC92,TRUE,TRUE,TRUE,TRUE,4
UBC,TRUE,TRUE,TRUE,TRUE,4
RAN,TRUE,TRUE,TRUE,TRUE,4
ZNF891,TRUE,TRUE,TRUE,TRUE,4
PSPC1,TRUE,TRUE,TRUE,TRUE,4
AMER2,TRUE,TRUE,TRUE,TRUE,4
RNF6,TRUE,TRUE,TRUE,TRUE,4
WASF3,TRUE,TRUE,TRUE,TRUE,4
POLR1D,TRUE,TRUE,TRUE,TRUE,4
UBL3,TRUE,TRUE,TRUE,TRUE,4
PDS5B,TRUE,TRUE,TRUE,TRUE,4
NBEA,TRUE,TRUE,TRUE,TRUE,4
FOXO1,TRUE,TRUE,TRUE,TRUE,4
RGCC,TRUE,TRUE,TRUE,TRUE,4
VWA8,TRUE,TRUE,TRUE,TRUE,4
CAB39L,TRUE,TRUE,TRUE,TRUE,4
WDFY2,TRUE,TRUE,TRUE,TRUE,4
GRTP1,TRUE,TRUE,TRUE,TRUE,4
TOX4,TRUE,TRUE,TRUE,TRUE,4
C14orf93,TRUE,TRUE,TRUE,TRUE,4
CMTM5,TRUE,TRUE,TRUE,TRUE,4
ARHGAP5,TRUE,TRUE,TRUE,TRUE,4
SRP54,TRUE,TRUE,TRUE,TRUE,4
PPP2R3C,TRUE,TRUE,TRUE,TRUE,4
MBIP,TRUE,TRUE,TRUE,FALSE,3
C14orf28,TRUE,FALSE,TRUE,FALSE,2
LGALS3,TRUE,TRUE,TRUE,TRUE,4
AP5M1,TRUE,TRUE,TRUE,TRUE,4
ARMH4,TRUE,TRUE,TRUE,TRUE,4
ACTR10,TRUE,TRUE,TRUE,TRUE,4
DAAM1,TRUE,TRUE,TRUE,TRUE,4
GPR135,TRUE,TRUE,TRUE,TRUE,4
ERH,TRUE,TRUE,TRUE,TRUE,4
ISCA2,TRUE,TRUE,TRUE,TRUE,4
PSMC1,TRUE,TRUE,TRUE,TRUE,4
PPP4R3A,TRUE,TRUE,TRUE,TRUE,4
MOAP1,TRUE,TRUE,TRUE,TRUE,4
PAPOLA,TRUE,TRUE,TRUE,TRUE,4
HSP90AA1,TRUE,TRUE,TRUE,TRUE,4
NUDT14,TRUE,TRUE,FALSE,TRUE,3
MTMR10,TRUE,TRUE,TRUE,TRUE,4
EMC4,TRUE,TRUE,TRUE,TRUE,4
LPCAT4,TRUE,TRUE,TRUE,TRUE,4
ZNF770,TRUE,TRUE,TRUE,TRUE,4
SRP14,TRUE,TRUE,TRUE,TRUE,4
ZNF106,TRUE,TRUE,TRUE,TRUE,4
TTBK2,TRUE,TRUE,TRUE,TRUE,4
PDIA3,TRUE,TRUE,TRUE,TRUE,4
SERF2,TRUE,TRUE,TRUE,TRUE,4
FRMD5,TRUE,TRUE,TRUE,TRUE,4
DUT,TRUE,TRUE,TRUE,TRUE,4
SECISBP2L,TRUE,TRUE,TRUE,TRUE,4
LYSMD2,TRUE,TRUE,TRUE,TRUE,4
TMOD2,TRUE,TRUE,TRUE,TRUE,4
MNS1,TRUE,TRUE,TRUE,TRUE,4
ADAM10,TRUE,TRUE,TRUE,TRUE,4
SNX1,TRUE,TRUE,TRUE,TRUE,4
PPIB,TRUE,TRUE,TRUE,TRUE,4
PKM,TRUE,TRUE,TRUE,TRUE,4
COX5A,TRUE,TRUE,TRUE,TRUE,4
COMMD4,TRUE,TRUE,TRUE,FALSE,3
ACSBG1,TRUE,TRUE,TRUE,TRUE,4
ARNT2,TRUE,TRUE,TRUE,TRUE,4
HOMER2,TRUE,TRUE,TRUE,TRUE,4
SLCO3A1,TRUE,TRUE,TRUE,TRUE,4
NME3,TRUE,TRUE,TRUE,TRUE,4
RPS2,TRUE,TRUE,TRUE,TRUE,4
SNHG19,TRUE,TRUE,TRUE,TRUE,4
ELOB,TRUE,TRUE,TRUE,TRUE,4
C16orf89,TRUE,TRUE,TRUE,FALSE,3
ABAT,TRUE,TRUE,TRUE,TRUE,4
ATF7IP2,TRUE,TRUE,TRUE,TRUE,4
RPS15A,TRUE,TRUE,TRUE,TRUE,4
GPRC5B,TRUE,TRUE,TRUE,TRUE,4
METTL9,TRUE,TRUE,TRUE,TRUE,4
TNRC6A,TRUE,TRUE,TRUE,TRUE,4
MAZ,TRUE,TRUE,TRUE,TRUE,4
PHKG2,TRUE,TRUE,TRUE,TRUE,4
FUS,TRUE,TRUE,TRUE,FALSE,3
VPS35,TRUE,TRUE,TRUE,TRUE,4
ZNF423,TRUE,TRUE,TRUE,TRUE,4
SALL1,TRUE,TRUE,TRUE,TRUE,4
FTO,TRUE,TRUE,TRUE,TRUE,4
BBS2,TRUE,TRUE,TRUE,TRUE,4
MT3,TRUE,TRUE,TRUE,TRUE,4
MT1E,TRUE,TRUE,TRUE,TRUE,4
MT1F,TRUE,TRUE,TRUE,TRUE,4
ARL2BP,TRUE,TRUE,TRUE,TRUE,4
KATNB1,TRUE,TRUE,TRUE,TRUE,4
CDH11,TRUE,TRUE,TRUE,TRUE,4
TMEM208,TRUE,TRUE,TRUE,TRUE,4
RANBP10,TRUE,TRUE,TRUE,TRUE,4
PRMT7,TRUE,TRUE,TRUE,TRUE,4
PSMD7,TRUE,TRUE,TRUE,TRUE,4
COX4I1,TRUE,TRUE,TRUE,TRUE,4
SPG7,TRUE,TRUE,TRUE,FALSE,3
YWHAE,TRUE,TRUE,TRUE,TRUE,4
PITPNA,TRUE,TRUE,TRUE,TRUE,4
SERPINF1,TRUE,TRUE,TRUE,TRUE,4
DPH1,TRUE,TRUE,TRUE,FALSE,3
NCBP3,TRUE,TRUE,TRUE,TRUE,4
ANKFY1,TRUE,TRUE,TRUE,TRUE,4
PSMB6,TRUE,TRUE,TRUE,TRUE,4
PFN1,TRUE,TRUE,TRUE,TRUE,4
NLRP1,TRUE,TRUE,TRUE,TRUE,4
SAT2,TRUE,TRUE,TRUE,TRUE,4
NAA38,TRUE,TRUE,TRUE,TRUE,4
TRAPPC1,TRUE,TRUE,TRUE,TRUE,4
STX8,TRUE,TRUE,TRUE,TRUE,4
SCO1,TRUE,TRUE,TRUE,FALSE,3
ZNF624,TRUE,TRUE,TRUE,FALSE,3
SPECC1,TRUE,TRUE,TRUE,TRUE,4
LINC01563,TRUE,TRUE,TRUE,TRUE,4
IFT20,TRUE,TRUE,TRUE,TRUE,4
TNFAIP1,TRUE,TRUE,TRUE,TRUE,4
RPL23A,TRUE,TRUE,TRUE,TRUE,4
FLOT2,TRUE,TRUE,TRUE,TRUE,4
RHOT1,TRUE,TRUE,TRUE,TRUE,4
PSMB3,TRUE,TRUE,FALSE,TRUE,3
RPL23,TRUE,TRUE,TRUE,TRUE,4
RPL19,TRUE,TRUE,TRUE,TRUE,4
PGAP3,TRUE,TRUE,TRUE,TRUE,4
THRA,TRUE,TRUE,TRUE,TRUE,4
EIF1,TRUE,TRUE,TRUE,TRUE,4
STAT3,TRUE,TRUE,TRUE,TRUE,4
RPL27,TRUE,TRUE,TRUE,TRUE,4
HDAC5,TRUE,TRUE,TRUE,TRUE,4
TMUB2,TRUE,TRUE,TRUE,TRUE,4
RUNDC3A,TRUE,TRUE,TRUE,TRUE,4
NMT1,TRUE,TRUE,TRUE,TRUE,4
PLCD3,TRUE,TRUE,TRUE,TRUE,4
CDK5RAP3,TRUE,TRUE,TRUE,TRUE,4
ATP5MC1,TRUE,TRUE,TRUE,TRUE,4
MRPL27,TRUE,TRUE,TRUE,TRUE,4
SPAG9,TRUE,TRUE,TRUE,FALSE,3
VEZF1,TRUE,TRUE,TRUE,TRUE,4
SRSF1,TRUE,TRUE,FALSE,TRUE,3
DYNLL2,TRUE,TRUE,TRUE,TRUE,4
RAD51C,TRUE,TRUE,FALSE,TRUE,3
CLTC,TRUE,TRUE,TRUE,TRUE,4
BCAS3,TRUE,TRUE,TRUE,TRUE,4
SMURF2,TRUE,TRUE,TRUE,TRUE,4
RPL38,TRUE,TRUE,TRUE,TRUE,4
NT5C,TRUE,TRUE,TRUE,TRUE,4
JPT1,TRUE,TRUE,TRUE,TRUE,4
TIMP2,TRUE,TRUE,TRUE,TRUE,4
ACTG1,TRUE,TRUE,TRUE,TRUE,4
OXLD1,TRUE,TRUE,TRUE,TRUE,4
MCRIP1,TRUE,TRUE,TRUE,TRUE,4
ANAPC11,TRUE,TRUE,TRUE,TRUE,4
PCYT2,TRUE,TRUE,TRUE,TRUE,4
CENPX,TRUE,TRUE,TRUE,TRUE,4
DCXR,TRUE,TRUE,TRUE,TRUE,4
CSNK1D,TRUE,TRUE,TRUE,FALSE,3
TBCD,TRUE,FALSE,TRUE,TRUE,3
LINC00667,TRUE,TRUE,TRUE,TRUE,4
SNRPD1,TRUE,TRUE,FALSE,TRUE,3
ZNF521,TRUE,TRUE,TRUE,TRUE,4
PIK3C3,TRUE,TRUE,TRUE,TRUE,4
ATP5F1A,TRUE,TRUE,TRUE,TRUE,4
SMAD2,TRUE,TRUE,TRUE,TRUE,4
LINC01630,TRUE,TRUE,TRUE,TRUE,4
TCF4,TRUE,TRUE,TRUE,TRUE,4
NEDD4L,TRUE,TRUE,TRUE,TRUE,4
PHLPP1,TRUE,TRUE,TRUE,TRUE,4
ZNF407,TRUE,TRUE,TRUE,TRUE,4
NRSN2,TRUE,TRUE,TRUE,FALSE,3
RBCK1,TRUE,TRUE,TRUE,TRUE,4
EBF4,TRUE,TRUE,TRUE,TRUE,4
GPCPD1,TRUE,TRUE,TRUE,TRUE,4
KIF16B,TRUE,TRUE,TRUE,TRUE,4
XRN2,TRUE,TRUE,TRUE,TRUE,4
BCL2L1,TRUE,TRUE,TRUE,TRUE,4
SNTA1,TRUE,TRUE,TRUE,TRUE,4
ROMO1,TRUE,FALSE,TRUE,TRUE,3
ZHX3,TRUE,TRUE,TRUE,TRUE,4
TOX2,TRUE,TRUE,TRUE,TRUE,4
ZMYND8,TRUE,TRUE,TRUE,TRUE,4
CTSZ,TRUE,TRUE,TRUE,TRUE,4
FAM217B,TRUE,TRUE,TRUE,TRUE,4
PSMA7,TRUE,TRUE,TRUE,TRUE,4
DIDO1,TRUE,TRUE,TRUE,TRUE,4
NKAIN4,TRUE,TRUE,TRUE,TRUE,4
ARFRP1,TRUE,TRUE,TRUE,TRUE,4
TPD52L2,TRUE,TRUE,TRUE,TRUE,4
SHC2,TRUE,TRUE,TRUE,TRUE,4
GPX4,TRUE,TRUE,TRUE,TRUE,4
CIRBP,TRUE,TRUE,TRUE,TRUE,4
RPS15,TRUE,TRUE,TRUE,TRUE,4
GNG7,TRUE,TRUE,TRUE,TRUE,4
PIAS4,TRUE,TRUE,TRUE,TRUE,4
SAFB2,TRUE,TRUE,TRUE,TRUE,4
RPL36,TRUE,TRUE,TRUE,TRUE,4
TUBB4A,TRUE,TRUE,TRUE,TRUE,4
RPS28,TRUE,TRUE,TRUE,TRUE,4
PIN1,TRUE,TRUE,TRUE,TRUE,4
CDC37,TRUE,TRUE,TRUE,TRUE,4
ELOF1,TRUE,TRUE,TRUE,TRUE,4
DHPS,TRUE,TRUE,TRUE,TRUE,4
TRIR,TRUE,TRUE,TRUE,TRUE,4
GIPC1,TRUE,TRUE,TRUE,TRUE,4
NDUFB7,TRUE,TRUE,TRUE,TRUE,4
FAM32A,TRUE,TRUE,TRUE,TRUE,4
UNC13A,TRUE,TRUE,TRUE,TRUE,4
SSBP4,TRUE,TRUE,TRUE,TRUE,4
UBA52,TRUE,TRUE,TRUE,TRUE,4
USF2,TRUE,TRUE,TRUE,TRUE,4
COX6B1,TRUE,TRUE,TRUE,TRUE,4
THAP8,TRUE,TRUE,TRUE,TRUE,4
POLR2I,TRUE,TRUE,TRUE,TRUE,4
TBCB,TRUE,TRUE,TRUE,TRUE,4
EIF3K,TRUE,TRUE,TRUE,TRUE,4
ECH1,TRUE,TRUE,TRUE,TRUE,4
PAK4,TRUE,TRUE,TRUE,TRUE,4
RPS16,TRUE,TRUE,TRUE,TRUE,4
TIMM50,TRUE,TRUE,FALSE,TRUE,3
BLVRB,TRUE,TRUE,TRUE,TRUE,4
RPS19,TRUE,TRUE,TRUE,TRUE,4
SMG9,TRUE,TRUE,TRUE,TRUE,4
LYPD5,TRUE,TRUE,FALSE,FALSE,2
TRAPPC6A,TRUE,TRUE,TRUE,TRUE,4
SNRPD2,TRUE,TRUE,TRUE,TRUE,4
CALM3,TRUE,TRUE,TRUE,TRUE,4
AP2S1,TRUE,TRUE,TRUE,TRUE,4
CARD8,TRUE,TRUE,TRUE,TRUE,4
RPL18,TRUE,TRUE,TRUE,TRUE,4
CA11,TRUE,TRUE,TRUE,TRUE,4
RPL13A,TRUE,TRUE,TRUE,TRUE,4
RPS11,TRUE,TRUE,TRUE,TRUE,4
PNKP,TRUE,TRUE,TRUE,FALSE,3
CNOT3,TRUE,TRUE,TRUE,TRUE,4
RPS9,TRUE,TRUE,TRUE,TRUE,4
PPP6R1,TRUE,TRUE,TRUE,TRUE,4
RPL28,TRUE,TRUE,TRUE,TRUE,4
ZNF460,TRUE,TRUE,TRUE,TRUE,4
ZNF814,TRUE,TRUE,TRUE,FALSE,3
ZNF274,TRUE,TRUE,TRUE,TRUE,4
RPS5,TRUE,TRUE,TRUE,TRUE,4
ATP6V1E1,TRUE,TRUE,TRUE,TRUE,4
TRMT2A,TRUE,TRUE,TRUE,FALSE,3
LINC01637,TRUE,TRUE,TRUE,FALSE,3
LZTR1,TRUE,TRUE,TRUE,FALSE,3
PPIL2,TRUE,TRUE,TRUE,TRUE,4
GRK3,TRUE,TRUE,TRUE,TRUE,4
UQCR10,TRUE,TRUE,TRUE,TRUE,4
PIK3IP1,TRUE,TRUE,TRUE,TRUE,4
LGALS1,TRUE,TRUE,TRUE,TRUE,4
RPL3,TRUE,TRUE,TRUE,TRUE,4
RBX1,TRUE,TRUE,TRUE,TRUE,4
TRMU,TRUE,TRUE,TRUE,TRUE,4
CRELD2,TRUE,TRUE,TRUE,TRUE,4
PPP6R2,TRUE,TRUE,TRUE,TRUE,4
LTN1,TRUE,TRUE,TRUE,TRUE,4
USP16,TRUE,TRUE,TRUE,TRUE,4
SOD1,TRUE,TRUE,TRUE,TRUE,4
OLIG2,TRUE,TRUE,TRUE,TRUE,4
IFNGR2,TRUE,TRUE,TRUE,TRUE,4
TMEM50B,TRUE,TRUE,TRUE,TRUE,4
CBR1,TRUE,TRUE,TRUE,TRUE,4
PIGP,TRUE,FALSE,TRUE,TRUE,3
DYRK1A,TRUE,TRUE,TRUE,TRUE,4
CSTB,TRUE,TRUE,TRUE,TRUE,4
S100B,TRUE,TRUE,TRUE,TRUE,4
CHN1,TRUE,TRUE,TRUE,TRUE,4
CLASP2,TRUE,TRUE,TRUE,TRUE,4
UBE2D3,TRUE,TRUE,TRUE,TRUE,4
MAP1B,TRUE,TRUE,TRUE,TRUE,4
CLU,TRUE,TRUE,TRUE,TRUE,4
RBM17,TRUE,TRUE,TRUE,TRUE,4
SLCO1A2,TRUE,TRUE,TRUE,TRUE,4
STXBP6,TRUE,TRUE,TRUE,TRUE,4
SYNE2,TRUE,TRUE,TRUE,TRUE,4
MT1M,TRUE,TRUE,TRUE,TRUE,4
MT1X,TRUE,TRUE,TRUE,TRUE,4
PLCB1,TRUE,TRUE,TRUE,TRUE,4
ATP9A,TRUE,TRUE,TRUE,FALSE,3
SLCO4A1,TRUE,TRUE,TRUE,TRUE,4
PUSL1,TRUE,FALSE,FALSE,TRUE,2
NADK,TRUE,FALSE,TRUE,FALSE,2
ENO1,TRUE,TRUE,TRUE,TRUE,4
VPS13D,TRUE,TRUE,TRUE,TRUE,4
UQCRHL,TRUE,TRUE,TRUE,TRUE,4
SZRD1,TRUE,TRUE,TRUE,TRUE,4
UBR4,TRUE,TRUE,TRUE,FALSE,3
CDC42,TRUE,TRUE,TRUE,TRUE,4
EPHB2,TRUE,TRUE,TRUE,TRUE,4
PNRC2,TRUE,TRUE,TRUE,TRUE,4
SRRM1,TRUE,TRUE,TRUE,TRUE,4
ZNF593,TRUE,TRUE,FALSE,TRUE,3
UBXN11,TRUE,TRUE,TRUE,FALSE,3
DNAJC8,TRUE,TRUE,TRUE,FALSE,3
EPB41,TRUE,TRUE,TRUE,TRUE,4
PTP4A2,TRUE,FALSE,TRUE,TRUE,3
TXLNA,TRUE,TRUE,TRUE,TRUE,4
CCDC28B,TRUE,TRUE,TRUE,TRUE,4
FAM229A,TRUE,TRUE,TRUE,TRUE,4
FHL3,TRUE,TRUE,TRUE,FALSE,3
MACF1,TRUE,TRUE,TRUE,TRUE,4
PABPC4,TRUE,TRUE,TRUE,TRUE,4
CAP1,TRUE,TRUE,TRUE,TRUE,4
SZT2,TRUE,TRUE,TRUE,TRUE,4
MUTYH,TRUE,TRUE,TRUE,TRUE,4
PRDX1,TRUE,TRUE,TRUE,TRUE,4
AKR1A1,TRUE,TRUE,TRUE,TRUE,4
GPBP1L1,TRUE,TRUE,TRUE,TRUE,4
UQCRH,TRUE,TRUE,TRUE,TRUE,4
OSBPL9,TRUE,TRUE,TRUE,TRUE,4
MAGOH,TRUE,TRUE,FALSE,TRUE,3
YIPF1,TRUE,TRUE,TRUE,TRUE,4
NFIA,TRUE,TRUE,TRUE,TRUE,4
USP1,TRUE,TRUE,TRUE,FALSE,3
ATG4C,TRUE,TRUE,TRUE,TRUE,4
MIER1,TRUE,TRUE,TRUE,TRUE,4
LRRC7,TRUE,TRUE,TRUE,TRUE,4
ANKRD13C,TRUE,TRUE,TRUE,TRUE,4
PRKACB,TRUE,TRUE,TRUE,TRUE,4
SSX2IP,TRUE,TRUE,TRUE,FALSE,3
DDAH1,TRUE,TRUE,TRUE,TRUE,4
ODF2L,TRUE,TRUE,TRUE,TRUE,4
SH3GLB1,TRUE,TRUE,TRUE,TRUE,4
RPAP2,TRUE,TRUE,TRUE,TRUE,4
SLC25A24,TRUE,TRUE,TRUE,FALSE,3
GPSM2,TRUE,TRUE,TRUE,TRUE,4
PSMA5,TRUE,TRUE,TRUE,TRUE,4
ATP5PB,TRUE,TRUE,TRUE,TRUE,4
TMIGD3,TRUE,TRUE,TRUE,FALSE,3
RAP1A,TRUE,TRUE,TRUE,TRUE,4
INKA2,TRUE,FALSE,TRUE,TRUE,3
CTTNBP2NL,TRUE,TRUE,TRUE,TRUE,4
NHLH2,TRUE,TRUE,TRUE,TRUE,4
SEC22B,TRUE,TRUE,TRUE,TRUE,4
SRGAP2B,TRUE,TRUE,TRUE,TRUE,4
NBPF10,TRUE,TRUE,TRUE,TRUE,4
VPS45,TRUE,TRUE,TRUE,TRUE,4
PLEKHO1,TRUE,TRUE,TRUE,TRUE,4
MRPL9,TRUE,TRUE,TRUE,FALSE,3
JTB,TRUE,TRUE,TRUE,TRUE,4
CKS1B,TRUE,TRUE,TRUE,TRUE,4
DPM3,TRUE,TRUE,TRUE,FALSE,3
SLC25A44,TRUE,TRUE,TRUE,TRUE,4
PPOX,TRUE,FALSE,TRUE,FALSE,2
SDHC,TRUE,TRUE,TRUE,TRUE,4
FCRLB,TRUE,TRUE,FALSE,TRUE,3
RGS5,TRUE,TRUE,TRUE,TRUE,4
MGST3,TRUE,TRUE,TRUE,TRUE,4
METTL13,TRUE,TRUE,FALSE,TRUE,3
PIGC,TRUE,TRUE,TRUE,TRUE,4
PRDX6,TRUE,TRUE,TRUE,FALSE,3
RALGPS2,TRUE,TRUE,TRUE,TRUE,4
FAM20B,TRUE,TRUE,TRUE,TRUE,4
XPR1,TRUE,TRUE,TRUE,TRUE,4
RGL1,TRUE,TRUE,TRUE,TRUE,4
EDEM3,TRUE,TRUE,TRUE,TRUE,4
CRB1,TRUE,TRUE,TRUE,TRUE,4
NAV1,TRUE,TRUE,TRUE,TRUE,4
MDM4,TRUE,TRUE,TRUE,TRUE,4
NUCKS1,TRUE,TRUE,TRUE,TRUE,4
RPS6KC1,TRUE,TRUE,TRUE,TRUE,4
TGFB2,TRUE,TRUE,TRUE,TRUE,4
CDC42BPA,TRUE,TRUE,TRUE,TRUE,4
EXOC8,TRUE,TRUE,TRUE,TRUE,4
EGLN1,TRUE,TRUE,TRUE,TRUE,4
OPN3,TRUE,TRUE,TRUE,TRUE,4
SDCCAG8,TRUE,TRUE,TRUE,TRUE,4
ACP1,TRUE,TRUE,TRUE,TRUE,4
TMEM18,TRUE,FALSE,TRUE,TRUE,3
MYT1L,TRUE,TRUE,TRUE,TRUE,4
ID2,TRUE,TRUE,TRUE,TRUE,4
KIDINS220,TRUE,TRUE,TRUE,TRUE,4
RHOB,TRUE,TRUE,TRUE,TRUE,4
TP53I3,TRUE,TRUE,TRUE,TRUE,4
NCOA1,TRUE,TRUE,TRUE,TRUE,4
ADCY3,TRUE,TRUE,TRUE,TRUE,4
EFR3B,TRUE,TRUE,TRUE,TRUE,4
RAB10,TRUE,TRUE,TRUE,TRUE,4
AGBL5,TRUE,TRUE,TRUE,TRUE,4
PREB,TRUE,TRUE,TRUE,TRUE,4
MPV17,TRUE,TRUE,TRUE,TRUE,4
SNX17,TRUE,TRUE,TRUE,TRUE,4
SUPT7L,TRUE,TRUE,TRUE,TRUE,4
GALNT14,TRUE,TRUE,TRUE,TRUE,4
YIPF4,TRUE,TRUE,TRUE,TRUE,4
BIRC6,TRUE,TRUE,TRUE,TRUE,4
MCFD2,TRUE,TRUE,TRUE,TRUE,4
ACYP2,TRUE,TRUE,TRUE,TRUE,4
CCDC88A,TRUE,TRUE,TRUE,TRUE,4
BCL11A,TRUE,TRUE,TRUE,TRUE,4
PEX13,TRUE,TRUE,FALSE,TRUE,3
COMMD1,TRUE,TRUE,TRUE,TRUE,4
EHBP1,TRUE,TRUE,TRUE,TRUE,4
WDPCP,TRUE,TRUE,TRUE,TRUE,4
RAB1A,TRUE,TRUE,TRUE,TRUE,4
MXD1,TRUE,TRUE,TRUE,FALSE,3
SNRPG,TRUE,TRUE,TRUE,FALSE,3
ZNF638,TRUE,TRUE,TRUE,TRUE,4
STAMBP,TRUE,TRUE,TRUE,TRUE,4
DGUOK,TRUE,TRUE,TRUE,TRUE,4
BOLA3,TRUE,TRUE,TRUE,TRUE,4
CTNNA2,TRUE,TRUE,TRUE,TRUE,4
GNLY,TRUE,TRUE,TRUE,FALSE,3
PTCD3,TRUE,TRUE,TRUE,TRUE,4
CHMP3,TRUE,TRUE,TRUE,TRUE,4
FAHD2A,TRUE,TRUE,TRUE,TRUE,4
CIAO1,TRUE,TRUE,TRUE,TRUE,4
TSGA10,TRUE,TRUE,TRUE,TRUE,4
TXNDC9,TRUE,TRUE,TRUE,TRUE,4
REV1,TRUE,TRUE,TRUE,TRUE,4
MAP4K4,TRUE,TRUE,TRUE,TRUE,4
LINC01114,TRUE,TRUE,TRUE,TRUE,4
PTPN18,TRUE,TRUE,TRUE,TRUE,4
RIF1,TRUE,TRUE,TRUE,TRUE,4
ARL5A,TRUE,TRUE,TRUE,TRUE,4
PSMD14,TRUE,TRUE,TRUE,TRUE,4
KCNH7,TRUE,TRUE,TRUE,TRUE,4
SCN2A,TRUE,TRUE,TRUE,TRUE,4
TTC21B,TRUE,TRUE,TRUE,TRUE,4
SCN1A,TRUE,TRUE,TRUE,TRUE,4
PPIG,TRUE,TRUE,TRUE,TRUE,4
SSB,TRUE,TRUE,TRUE,TRUE,4
UBR3,TRUE,TRUE,TRUE,TRUE,4
RAPGEF4,TRUE,TRUE,TRUE,TRUE,4
ATF2,TRUE,TRUE,TRUE,TRUE,4
ATP5MC3,TRUE,TRUE,TRUE,TRUE,4
OSBPL6,TRUE,TRUE,TRUE,TRUE,4
PDE1A,TRUE,TRUE,TRUE,TRUE,4
NCKAP1,TRUE,TRUE,TRUE,TRUE,4
TMEFF2,TRUE,TRUE,TRUE,TRUE,4
BMPR2,TRUE,TRUE,TRUE,TRUE,4
ABI2,TRUE,TRUE,TRUE,TRUE,4
INO80D,TRUE,TRUE,TRUE,TRUE,4
EEF1B2,TRUE,TRUE,TRUE,TRUE,4
PLEKHM3,TRUE,TRUE,TRUE,TRUE,4
MAP2,TRUE,TRUE,TRUE,TRUE,4
RPL37A,TRUE,TRUE,TRUE,TRUE,4
IGFBP5,TRUE,TRUE,TRUE,TRUE,4
RETREG2,TRUE,TRUE,TRUE,TRUE,4
EPHA4,TRUE,TRUE,TRUE,TRUE,4
ACSL3,TRUE,TRUE,TRUE,TRUE,4
TRIP12,TRUE,TRUE,FALSE,FALSE,2
CAB39,TRUE,TRUE,TRUE,TRUE,4
NCL,TRUE,TRUE,TRUE,TRUE,4
MTERF4,TRUE,TRUE,TRUE,TRUE,4
STK25,TRUE,TRUE,TRUE,TRUE,4
ITPR1,TRUE,TRUE,TRUE,TRUE,4
ARL8B,TRUE,TRUE,TRUE,TRUE,4
JAGN1,TRUE,TRUE,TRUE,TRUE,4
SYN2,TRUE,TRUE,TRUE,TRUE,4
LSM3,TRUE,TRUE,TRUE,TRUE,4
FGD5-AS1,TRUE,TRUE,TRUE,TRUE,4
METTL6,TRUE,TRUE,TRUE,TRUE,4
ZNF385D,TRUE,TRUE,TRUE,TRUE,4
ARPP21,TRUE,TRUE,TRUE,TRUE,4
LRRFIP2,TRUE,TRUE,TRUE,TRUE,4
ACAA1,TRUE,TRUE,TRUE,TRUE,4
SACM1L,TRUE,TRUE,TRUE,TRUE,4
LZTFL1,TRUE,TRUE,TRUE,TRUE,4
KIF9-AS1,TRUE,TRUE,TRUE,TRUE,4
ELP6,TRUE,TRUE,TRUE,TRUE,4
SHISA5,TRUE,TRUE,TRUE,TRUE,4
IP6K2,TRUE,TRUE,TRUE,TRUE,4
ARIH2OS,TRUE,TRUE,TRUE,TRUE,4
P4HTM,TRUE,TRUE,TRUE,TRUE,4
TCTA,TRUE,TRUE,TRUE,TRUE,4
DAG1,TRUE,TRUE,TRUE,TRUE,4
TUSC2,TRUE,TRUE,TRUE,TRUE,4
NPRL2,TRUE,FALSE,TRUE,TRUE,3
SPCS1,TRUE,TRUE,TRUE,TRUE,4
NEK4,TRUE,TRUE,TRUE,TRUE,4
PRKCD,TRUE,TRUE,TRUE,TRUE,4
TKT,TRUE,TRUE,TRUE,TRUE,4
SELENOK,TRUE,TRUE,TRUE,TRUE,4
SLMAP,TRUE,TRUE,TRUE,FALSE,3
FHIT,TRUE,TRUE,TRUE,TRUE,4
PRICKLE2,TRUE,TRUE,TRUE,TRUE,4
TMF1,TRUE,TRUE,TRUE,TRUE,4
ARL6IP5,TRUE,TRUE,TRUE,TRUE,4
ROBO1,TRUE,TRUE,TRUE,TRUE,4
TFG,TRUE,TRUE,TRUE,TRUE,4
BBX,TRUE,TRUE,TRUE,FALSE,3
SLC35A5,TRUE,TRUE,TRUE,TRUE,4
SPICE1,TRUE,TRUE,TRUE,TRUE,4
NDUFB4,TRUE,TRUE,TRUE,TRUE,4
STXBP5L,TRUE,TRUE,TRUE,TRUE,4
ADCY5,TRUE,TRUE,TRUE,TRUE,4
OSBPL11,TRUE,FALSE,TRUE,FALSE,2
ATP2C1,TRUE,TRUE,TRUE,TRUE,4
UBA5,TRUE,TRUE,TRUE,TRUE,4
CDV3,TRUE,TRUE,TRUE,TRUE,4
RYK,TRUE,TRUE,TRUE,TRUE,4
PAQR9,TRUE,TRUE,TRUE,TRUE,4
PLSCR4,TRUE,TRUE,TRUE,TRUE,4
C3orf80,TRUE,FALSE,TRUE,TRUE,3
SLC7A14,TRUE,TRUE,TRUE,TRUE,4
RPL22L1,TRUE,TRUE,TRUE,TRUE,4
TNIK,TRUE,TRUE,TRUE,TRUE,4
NDUFB5,TRUE,TRUE,TRUE,TRUE,4
TTC14,TRUE,TRUE,TRUE,TRUE,4
FXR1,TRUE,TRUE,TRUE,TRUE,4
DNAJC19,TRUE,TRUE,TRUE,TRUE,4
ABCC5,TRUE,TRUE,TRUE,TRUE,4
EIF2B5,TRUE,TRUE,TRUE,TRUE,4
FAM43A,TRUE,TRUE,TRUE,TRUE,4
UBXN7,TRUE,TRUE,TRUE,TRUE,4
SENP5,TRUE,TRUE,TRUE,TRUE,4
MELTF-AS1,TRUE,TRUE,TRUE,TRUE,4
IQCG,TRUE,TRUE,TRUE,TRUE,4
RPL35A,TRUE,TRUE,TRUE,TRUE,4
C4orf48,TRUE,TRUE,TRUE,TRUE,4
PPP2R2C,TRUE,TRUE,TRUE,TRUE,4
KCNIP4,TRUE,TRUE,TRUE,TRUE,4
CCDC149,TRUE,TRUE,TRUE,TRUE,4
LIAS,TRUE,TRUE,TRUE,TRUE,4
SMIM14,TRUE,TRUE,TRUE,TRUE,4
PDS5A,TRUE,TRUE,TRUE,TRUE,4
GABRA2,TRUE,TRUE,TRUE,FALSE,3
GABRA4,TRUE,TRUE,TRUE,TRUE,4
GABRB1,TRUE,TRUE,TRUE,TRUE,4
SGCB,TRUE,TRUE,TRUE,TRUE,4
USP46,TRUE,TRUE,TRUE,TRUE,4
FIP1L1,TRUE,TRUE,FALSE,FALSE,2
LNX1,TRUE,TRUE,TRUE,TRUE,4
AASDH,TRUE,TRUE,TRUE,FALSE,3
SPINK2,TRUE,FALSE,FALSE,FALSE,1
SCARB2,TRUE,TRUE,TRUE,TRUE,4
CCNI,TRUE,TRUE,TRUE,TRUE,4
MRPS18C,TRUE,FALSE,TRUE,TRUE,3
SNCA,TRUE,TRUE,TRUE,TRUE,4
CCSER1,TRUE,TRUE,TRUE,TRUE,4
TSPAN5,TRUE,TRUE,TRUE,TRUE,4
LAMTOR3,TRUE,TRUE,TRUE,TRUE,4
DNAJB14,TRUE,TRUE,TRUE,TRUE,4
PPP3CA,TRUE,TRUE,TRUE,TRUE,4
MANBA,TRUE,TRUE,TRUE,TRUE,4
LARP7,TRUE,TRUE,TRUE,TRUE,4
NDUFC1,TRUE,TRUE,TRUE,FALSE,3
NAA15,TRUE,TRUE,TRUE,TRUE,4
SETD7,TRUE,TRUE,TRUE,TRUE,4
SMARCA5,TRUE,TRUE,TRUE,TRUE,4
OTUD4,TRUE,TRUE,TRUE,TRUE,4
GATB,TRUE,TRUE,TRUE,TRUE,4
TRIM2,TRUE,TRUE,TRUE,TRUE,4
GUCY1A1,TRUE,TRUE,TRUE,FALSE,3
GRIA2,TRUE,TRUE,TRUE,TRUE,4
CLCN3,TRUE,TRUE,TRUE,TRUE,4
SCRG1,TRUE,TRUE,TRUE,TRUE,4
RWDD4,TRUE,TRUE,TRUE,FALSE,3
ENPP6,TRUE,TRUE,TRUE,TRUE,4
CASP3,TRUE,TRUE,TRUE,TRUE,4
MRPL36,TRUE,TRUE,TRUE,TRUE,4
ADCY2,TRUE,TRUE,TRUE,TRUE,4
MIR4458HG,TRUE,TRUE,TRUE,TRUE,4
ANKH,TRUE,TRUE,TRUE,TRUE,4
CDH10,TRUE,TRUE,TRUE,TRUE,4
CPLANE1,TRUE,TRUE,TRUE,TRUE,4
NDUFS4,TRUE,TRUE,TRUE,TRUE,4
HSPB3,TRUE,TRUE,TRUE,TRUE,4
RAB3C,TRUE,TRUE,TRUE,TRUE,4
PART1,TRUE,TRUE,TRUE,TRUE,4
NDUFAF2,TRUE,TRUE,TRUE,TRUE,4
HTR1A,TRUE,TRUE,TRUE,FALSE,3
RGS7BP,TRUE,TRUE,TRUE,TRUE,4
JMY,TRUE,TRUE,TRUE,FALSE,3
ZFYVE16,TRUE,TRUE,TRUE,TRUE,4
RPS23,TRUE,TRUE,TRUE,TRUE,4
COX7C,TRUE,TRUE,TRUE,TRUE,4
MEF2C,TRUE,TRUE,TRUE,TRUE,4
APC,TRUE,TRUE,TRUE,TRUE,4
DCP2,TRUE,TRUE,TRUE,TRUE,4
KCNN2,TRUE,TRUE,TRUE,TRUE,4
DMXL1,TRUE,TRUE,TRUE,TRUE,4
HSD17B4,TRUE,TRUE,TRUE,TRUE,4
SLC22A4,TRUE,TRUE,TRUE,TRUE,4
JADE2,TRUE,TRUE,TRUE,TRUE,4
C5orf24,TRUE,TRUE,TRUE,TRUE,4
HSPA9,TRUE,TRUE,TRUE,TRUE,4
CXXC5,TRUE,TRUE,TRUE,TRUE,4
CYSTM1,TRUE,TRUE,TRUE,TRUE,4
PFDN1,TRUE,TRUE,TRUE,TRUE,4
ZMAT2,TRUE,TRUE,TRUE,TRUE,4
PCDHB14,TRUE,TRUE,FALSE,TRUE,3
RELL2,TRUE,TRUE,TRUE,TRUE,4
FGF1,TRUE,TRUE,TRUE,TRUE,4
NR3C1,TRUE,TRUE,TRUE,TRUE,4
PPP2R2B,TRUE,TRUE,TRUE,TRUE,4
CSNK1A1,TRUE,TRUE,TRUE,TRUE,4
MRPL22,TRUE,TRUE,TRUE,TRUE,4
CYFIP2,TRUE,TRUE,TRUE,TRUE,4
TTC1,TRUE,TRUE,TRUE,TRUE,4
GABRG2,TRUE,TRUE,TRUE,TRUE,4
NUDCD2,TRUE,TRUE,TRUE,TRUE,4
WWC1,TRUE,TRUE,TRUE,TRUE,4
FBXW11,TRUE,TRUE,TRUE,TRUE,4
HRH2,TRUE,TRUE,TRUE,TRUE,4
CPLX2,TRUE,TRUE,TRUE,TRUE,4
FAM193B,TRUE,TRUE,TRUE,TRUE,4
MRNIP,TRUE,TRUE,TRUE,TRUE,4
RNF130,TRUE,TRUE,TRUE,TRUE,4
BPHL,TRUE,TRUE,TRUE,TRUE,4
RPP40,TRUE,TRUE,TRUE,TRUE,4
NRN1,TRUE,TRUE,TRUE,TRUE,4
SMIM13,TRUE,TRUE,TRUE,TRUE,4
SIRT5,TRUE,TRUE,TRUE,TRUE,4
MCUR1,TRUE,TRUE,TRUE,TRUE,4
CD83,TRUE,TRUE,TRUE,FALSE,3
PPP1R11,TRUE,TRUE,TRUE,TRUE,4
IER3,TRUE,TRUE,TRUE,TRUE,4
GPANK1,TRUE,TRUE,TRUE,TRUE,4
ATF6B,TRUE,TRUE,TRUE,TRUE,4
RNF5,TRUE,TRUE,TRUE,TRUE,4
LINC00951,TRUE,TRUE,TRUE,TRUE,4
OARD1,TRUE,TRUE,TRUE,TRUE,4
LRRC73,TRUE,TRUE,TRUE,TRUE,4
MRPS18A,TRUE,TRUE,FALSE,TRUE,3
MRPL14,TRUE,TRUE,TRUE,TRUE,4
TMEM14A,TRUE,TRUE,TRUE,TRUE,4
GSTA4,TRUE,TRUE,TRUE,TRUE,4
HMGCLL1,TRUE,TRUE,TRUE,TRUE,4
RAB23,TRUE,TRUE,TRUE,TRUE,4
LINC00472,TRUE,TRUE,TRUE,TRUE,4
COX7A2,TRUE,TRUE,TRUE,TRUE,4
SENP6,TRUE,TRUE,TRUE,TRUE,4
HMGN3,TRUE,TRUE,TRUE,TRUE,4
CYB5R4,TRUE,TRUE,TRUE,TRUE,4
NT5E,TRUE,TRUE,TRUE,TRUE,4
FAXC,TRUE,TRUE,TRUE,TRUE,4
FOXO3,TRUE,TRUE,TRUE,TRUE,4
FIG4,TRUE,TRUE,TRUE,TRUE,4
WASF1,TRUE,TRUE,TRUE,TRUE,4
LAMA4,TRUE,TRUE,TRUE,TRUE,4
TSPYL4,TRUE,TRUE,TRUE,TRUE,4
FABP7,TRUE,TRUE,TRUE,TRUE,4
CLVS2,TRUE,TRUE,TRUE,TRUE,4
CENPW,TRUE,TRUE,TRUE,TRUE,4
SLC2A12,TRUE,TRUE,TRUE,TRUE,4
HEBP2,TRUE,TRUE,TRUE,TRUE,4
AKAP12,TRUE,TRUE,TRUE,TRUE,4
SCAF8,TRUE,TRUE,TRUE,TRUE,4
TULP4,TRUE,TRUE,TRUE,TRUE,4
WTAP,TRUE,TRUE,TRUE,TRUE,4
ZFAND2A,TRUE,TRUE,TRUE,TRUE,4
PSMG3,TRUE,TRUE,TRUE,TRUE,4
FOXK1,TRUE,TRUE,TRUE,FALSE,3
CYTH3,TRUE,TRUE,TRUE,TRUE,4
C1GALT1,TRUE,TRUE,TRUE,TRUE,4
DGKB,TRUE,TRUE,TRUE,TRUE,4
KLHL7,TRUE,TRUE,TRUE,TRUE,4
TRA2A,TRUE,TRUE,TRUE,TRUE,4
CYCS,TRUE,TRUE,TRUE,TRUE,4
NFE2L3,TRUE,TRUE,TRUE,TRUE,4
TAX1BP1,TRUE,TRUE,TRUE,TRUE,4
JAZF1,TRUE,TRUE,TRUE,TRUE,4
GGCT,TRUE,TRUE,TRUE,FALSE,3
NEUROD6,TRUE,TRUE,TRUE,TRUE,4
PDE1C,TRUE,TRUE,TRUE,TRUE,4
LSM5,TRUE,TRUE,TRUE,TRUE,4
NT5C3A,TRUE,TRUE,TRUE,TRUE,4
EPDR1,TRUE,TRUE,TRUE,TRUE,4
AMPH,TRUE,TRUE,TRUE,TRUE,4
URGCP-MRPS24,TRUE,TRUE,FALSE,FALSE,2
NACAD,TRUE,TRUE,TRUE,TRUE,4
COBL,TRUE,TRUE,TRUE,TRUE,4
VSTM2A,TRUE,TRUE,TRUE,TRUE,4
LANCL2,TRUE,TRUE,TRUE,TRUE,4
NIPSNAP2,TRUE,TRUE,TRUE,TRUE,4
CCT6A,TRUE,TRUE,TRUE,TRUE,4
VKORC1L1,TRUE,TRUE,TRUE,TRUE,4
SBDS,TRUE,TRUE,TRUE,TRUE,4
GALNT17,TRUE,TRUE,TRUE,TRUE,4
EIF4H,TRUE,TRUE,TRUE,TRUE,4
GTF2IRD1,TRUE,TRUE,TRUE,TRUE,4
GTF2I,TRUE,TRUE,TRUE,TRUE,4
HSPB1,TRUE,TRUE,TRUE,TRUE,4
APTR,TRUE,TRUE,TRUE,TRUE,4
PCLO,TRUE,TRUE,TRUE,TRUE,4
DMTF1,TRUE,TRUE,TRUE,TRUE,4
KRIT1,TRUE,TRUE,TRUE,TRUE,4
LMTK2,TRUE,TRUE,TRUE,TRUE,4
BRI3,TRUE,TRUE,TRUE,TRUE,4
NYAP1,TRUE,TRUE,TRUE,TRUE,4
AP1S1,TRUE,TRUE,TRUE,TRUE,4
IFT22,TRUE,TRUE,TRUE,TRUE,4
LINC01007,TRUE,TRUE,TRUE,TRUE,4
KMT2E,TRUE,TRUE,TRUE,TRUE,4
SRPK2,TRUE,TRUE,TRUE,TRUE,4
COG5,TRUE,TRUE,TRUE,TRUE,4
NRCAM,TRUE,TRUE,TRUE,TRUE,4
GPR85,TRUE,TRUE,TRUE,TRUE,4
ST7,TRUE,TRUE,TRUE,TRUE,4
NDUFA5,TRUE,TRUE,TRUE,TRUE,4
HILPDA,TRUE,TRUE,TRUE,FALSE,3
SMKR1,TRUE,FALSE,TRUE,FALSE,2
STMP1,TRUE,TRUE,TRUE,TRUE,4
KDM7A,TRUE,TRUE,TRUE,TRUE,4
MKRN1,TRUE,TRUE,TRUE,TRUE,4
NDUFB2,TRUE,TRUE,TRUE,TRUE,4
MRPS33,TRUE,TRUE,TRUE,TRUE,4
EPHB6,TRUE,TRUE,TRUE,TRUE,4
CUL1,TRUE,TRUE,TRUE,TRUE,4
AGAP3,TRUE,TRUE,TRUE,TRUE,4
PRKAG2,TRUE,TRUE,TRUE,TRUE,4
LINC01003,TRUE,TRUE,TRUE,TRUE,4
DPP6,TRUE,TRUE,TRUE,TRUE,4
SH3KBP1,TRUE,TRUE,TRUE,TRUE,4
MAP7D2,TRUE,TRUE,TRUE,TRUE,4
MAOA,TRUE,TRUE,TRUE,TRUE,4
SLC9A7,TRUE,TRUE,TRUE,TRUE,4
SYN1,TRUE,TRUE,TRUE,TRUE,4
UXT,TRUE,TRUE,TRUE,TRUE,4
HSD17B10,TRUE,TRUE,TRUE,FALSE,3
PHF8,TRUE,FALSE,TRUE,TRUE,3
SPIN3,TRUE,TRUE,FALSE,FALSE,2
YIPF6,TRUE,TRUE,TRUE,TRUE,4
PJA1,TRUE,TRUE,TRUE,TRUE,4
PDZD11,TRUE,TRUE,TRUE,TRUE,4
FOXO4,TRUE,TRUE,TRUE,TRUE,4
PABPC1L2B,TRUE,TRUE,TRUE,TRUE,4
JPX,TRUE,TRUE,FALSE,TRUE,3
RLIM,TRUE,TRUE,TRUE,TRUE,4
ATRX,TRUE,TRUE,TRUE,TRUE,4
COX7B,TRUE,TRUE,TRUE,TRUE,4
NAP1L3,TRUE,TRUE,TRUE,TRUE,4
DRP2,TRUE,TRUE,TRUE,TRUE,4
FAM199X,TRUE,TRUE,TRUE,TRUE,4
RBM41,TRUE,TRUE,TRUE,TRUE,4
PSMD10,TRUE,TRUE,TRUE,TRUE,4
ACSL4,TRUE,TRUE,TRUE,TRUE,4
ALG13,TRUE,TRUE,TRUE,TRUE,4
NDUFA1,TRUE,TRUE,TRUE,TRUE,4
CUL4B,TRUE,TRUE,TRUE,TRUE,4
FGF13,TRUE,TRUE,TRUE,TRUE,4
LDOC1,TRUE,TRUE,TRUE,TRUE,4
SLITRK4,TRUE,TRUE,TRUE,TRUE,4
FMR1,TRUE,TRUE,TRUE,TRUE,4
HMGB3,TRUE,FALSE,FALSE,FALSE,1
SSR4,TRUE,TRUE,TRUE,FALSE,3
FAM3A,TRUE,TRUE,TRUE,TRUE,4
IKBKG,TRUE,TRUE,TRUE,TRUE,4
ANGPT2,TRUE,TRUE,TRUE,TRUE,4
TNKS,TRUE,TRUE,TRUE,TRUE,4
MSRA,TRUE,TRUE,TRUE,TRUE,4
PCM1,TRUE,TRUE,TRUE,TRUE,4
ASAH1,TRUE,TRUE,TRUE,TRUE,4
PNMA2,TRUE,TRUE,TRUE,TRUE,4
PTK2B,TRUE,TRUE,TRUE,TRUE,4
SARAF,TRUE,TRUE,TRUE,TRUE,4
ZMAT4,TRUE,TRUE,TRUE,TRUE,4
GINS4,TRUE,TRUE,TRUE,FALSE,3
SMIM19,TRUE,TRUE,TRUE,TRUE,4
HOOK3,TRUE,TRUE,TRUE,TRUE,4
PRKDC,TRUE,TRUE,TRUE,TRUE,4
UBE2V2,TRUE,TRUE,TRUE,TRUE,4
CLVS1,TRUE,TRUE,TRUE,TRUE,4
ARFGEF1,TRUE,TRUE,TRUE,TRUE,4
ELOC,TRUE,TRUE,TRUE,TRUE,4
PKIA,TRUE,TRUE,TRUE,TRUE,4
STMN2,TRUE,TRUE,TRUE,TRUE,4
MRPS28,TRUE,FALSE,FALSE,TRUE,2
MMP16,TRUE,TRUE,TRUE,TRUE,4
NECAB1,TRUE,TRUE,TRUE,TRUE,4
MTDH,TRUE,TRUE,TRUE,FALSE,3
RPL30,TRUE,TRUE,TRUE,TRUE,4
RNF19A,TRUE,TRUE,TRUE,TRUE,4
EIF3E,TRUE,TRUE,TRUE,TRUE,4
ENY2,TRUE,TRUE,TRUE,TRUE,4
RAD21,TRUE,TRUE,TRUE,TRUE,4
EXT1,TRUE,TRUE,TRUE,TRUE,4
MTSS1,TRUE,TRUE,TRUE,TRUE,4
KCNQ3,TRUE,TRUE,TRUE,TRUE,4
KHDRBS3,TRUE,TRUE,TRUE,TRUE,4
PTK2,TRUE,TRUE,TRUE,TRUE,4
LY6H,TRUE,TRUE,TRUE,TRUE,4
ZNF623,TRUE,TRUE,TRUE,TRUE,4
CPSF1,TRUE,TRUE,TRUE,TRUE,4
RCL1,TRUE,TRUE,TRUE,TRUE,4
ZDHHC21,TRUE,TRUE,TRUE,TRUE,4
SLC24A2,TRUE,TRUE,TRUE,TRUE,4
MLLT3,TRUE,TRUE,TRUE,TRUE,4
FOCAD,TRUE,TRUE,TRUE,TRUE,4
IFT74,TRUE,TRUE,TRUE,TRUE,4
NDUFB6,TRUE,TRUE,TRUE,FALSE,3
BAG1,TRUE,TRUE,TRUE,TRUE,4
DCAF12,TRUE,TRUE,TRUE,TRUE,4
UBAP1,TRUE,TRUE,TRUE,TRUE,4
SIGMAR1,TRUE,TRUE,TRUE,TRUE,4
CCDC107,TRUE,TRUE,TRUE,TRUE,4
CREB3,TRUE,TRUE,TRUE,FALSE,3
CLTA,TRUE,TRUE,TRUE,TRUE,4
EBLN3P,TRUE,TRUE,TRUE,TRUE,4
ZCCHC7,TRUE,TRUE,TRUE,TRUE,4
GRHPR,TRUE,TRUE,TRUE,TRUE,4
APBA1,TRUE,TRUE,TRUE,TRUE,4
RFK,TRUE,TRUE,TRUE,TRUE,4
GNAQ,TRUE,TRUE,TRUE,TRUE,4
CEP78,TRUE,TRUE,TRUE,TRUE,4
TLE4,TRUE,TRUE,TRUE,TRUE,4
UBQLN1,TRUE,TRUE,TRUE,TRUE,4
GOLM1,TRUE,TRUE,TRUE,TRUE,4
CARD19,TRUE,TRUE,FALSE,FALSE,2
FAM120AOS,TRUE,TRUE,TRUE,TRUE,4
TXN,TRUE,TRUE,TRUE,TRUE,4
HSDL2,TRUE,TRUE,TRUE,TRUE,4
ZNF883,TRUE,TRUE,TRUE,TRUE,4
SLC31A2,TRUE,TRUE,TRUE,FALSE,3
ALAD,TRUE,TRUE,TRUE,TRUE,4
NEK6,TRUE,TRUE,TRUE,TRUE,4
PSMB7,TRUE,TRUE,TRUE,TRUE,4
PBX3,TRUE,TRUE,TRUE,TRUE,4
RPL12,TRUE,TRUE,TRUE,FALSE,3
DPM2,TRUE,TRUE,FALSE,TRUE,3
DNM1,TRUE,TRUE,TRUE,TRUE,4
KYAT1,TRUE,TRUE,TRUE,TRUE,4
LRRC8A,TRUE,TRUE,TRUE,TRUE,4
SH3GLB2,TRUE,TRUE,TRUE,TRUE,4
NTMT1,TRUE,TRUE,TRUE,TRUE,4
LAMC3,TRUE,TRUE,TRUE,TRUE,4
NUP214,TRUE,TRUE,TRUE,TRUE,4
SPACA9,TRUE,TRUE,TRUE,TRUE,4
TSC1,TRUE,TRUE,TRUE,TRUE,4
RXRA,TRUE,TRUE,TRUE,TRUE,4
OLFM1,TRUE,TRUE,TRUE,TRUE,4
INPP5E,TRUE,TRUE,TRUE,TRUE,4
SSNA1,TRUE,TRUE,TRUE,TRUE,4
TMEM203,TRUE,TRUE,TRUE,TRUE,4
MRPL41,TRUE,TRUE,TRUE,FALSE,3
ARRDC1-AS1,TRUE,TRUE,TRUE,TRUE,4
RIC8A,TRUE,TRUE,TRUE,TRUE,4
IFITM10,TRUE,TRUE,TRUE,TRUE,4
CD81,TRUE,TRUE,TRUE,TRUE,4
CDKN1C,TRUE,TRUE,TRUE,TRUE,4
PHLDA2,TRUE,TRUE,TRUE,TRUE,4
ARFIP2,TRUE,TRUE,TRUE,TRUE,4
ILK,TRUE,TRUE,TRUE,TRUE,4
TMEM9B,TRUE,TRUE,TRUE,TRUE,4
IPO7,TRUE,TRUE,TRUE,TRUE,4
ZNF143,TRUE,TRUE,TRUE,TRUE,4
RNF141,TRUE,TRUE,TRUE,TRUE,4
LYVE1,TRUE,TRUE,TRUE,TRUE,4
CTR9,TRUE,TRUE,TRUE,TRUE,4
NCR3LG1,TRUE,TRUE,TRUE,TRUE,4
SVIP,TRUE,TRUE,TRUE,TRUE,4
KIAA1549L,TRUE,TRUE,TRUE,TRUE,4
LMO2,TRUE,TRUE,TRUE,TRUE,4
API5,TRUE,TRUE,TRUE,TRUE,4
EXT2,TRUE,TRUE,TRUE,FALSE,3
SLC39A13,TRUE,TRUE,TRUE,FALSE,3
ZDHHC5,TRUE,TRUE,TRUE,FALSE,3
TKFC,TRUE,TRUE,TRUE,TRUE,4
AHNAK,TRUE,TRUE,TRUE,TRUE,4
RTN3,TRUE,TRUE,TRUE,TRUE,4
PRDX5,TRUE,TRUE,TRUE,TRUE,4
NRXN2,TRUE,TRUE,TRUE,TRUE,4
SAC3D1,TRUE,TRUE,TRUE,TRUE,4
ZNHIT2,TRUE,TRUE,FALSE,TRUE,3
FRMD8,TRUE,TRUE,TRUE,TRUE,4
KAT5,TRUE,TRUE,FALSE,TRUE,3
FIBP,TRUE,TRUE,TRUE,TRUE,4
DRAP1,TRUE,TRUE,TRUE,TRUE,4
MRPL11,TRUE,TRUE,TRUE,TRUE,4
DPP3,TRUE,TRUE,TRUE,TRUE,4
CTSF,TRUE,TRUE,TRUE,TRUE,4
CCS,TRUE,TRUE,TRUE,TRUE,4
KDM2A,TRUE,TRUE,TRUE,TRUE,4
TMEM134,TRUE,TRUE,TRUE,TRUE,4
CDK2AP2,TRUE,TRUE,TRUE,TRUE,4
NDUFV1,TRUE,TRUE,TRUE,TRUE,4
NDUFS8,TRUE,TRUE,TRUE,TRUE,4
C11orf24,TRUE,TRUE,TRUE,FALSE,3
MRPL21,TRUE,TRUE,TRUE,TRUE,4
NADSYN1,TRUE,TRUE,TRUE,TRUE,4
KRTAP5-11,TRUE,FALSE,TRUE,FALSE,2
PDE2A,TRUE,TRUE,TRUE,TRUE,4
STARD10,TRUE,TRUE,TRUE,TRUE,4
KLHL35,TRUE,TRUE,TRUE,TRUE,4
RSF1,TRUE,TRUE,TRUE,TRUE,4
NDUFC2-KCTD14,TRUE,TRUE,TRUE,TRUE,4
DLG2,TRUE,TRUE,TRUE,TRUE,4
TMEM126B,TRUE,TRUE,TRUE,TRUE,4
TMEM126A,TRUE,TRUE,TRUE,TRUE,4
CHORDC1,TRUE,TRUE,TRUE,TRUE,4
SLC36A4,TRUE,TRUE,TRUE,TRUE,4
ANKRD49,TRUE,TRUE,TRUE,TRUE,4
C11orf97,TRUE,TRUE,TRUE,TRUE,4
MTMR2,TRUE,TRUE,TRUE,TRUE,4
CCDC82,TRUE,TRUE,TRUE,TRUE,4
CEP126,TRUE,TRUE,TRUE,TRUE,4
SLN,TRUE,TRUE,TRUE,TRUE,4
CUL5,TRUE,FALSE,TRUE,FALSE,2
ACAT1,TRUE,TRUE,TRUE,TRUE,4
ATM,TRUE,TRUE,TRUE,TRUE,4
DIXDC1,TRUE,TRUE,TRUE,TRUE,4
C11orf71,TRUE,TRUE,TRUE,TRUE,4
CADM1,TRUE,TRUE,TRUE,TRUE,4
PCSK7,TRUE,TRUE,TRUE,TRUE,4
ATP5MG,TRUE,TRUE,TRUE,FALSE,3
KMT2A,TRUE,TRUE,TRUE,TRUE,4
TRAPPC4,TRUE,TRUE,TRUE,TRUE,4
HINFP,TRUE,TRUE,TRUE,TRUE,4
SC5D,TRUE,TRUE,TRUE,TRUE,4
HYLS1,TRUE,TRUE,TRUE,TRUE,4
DDX25,TRUE,TRUE,TRUE,TRUE,4
ADAMTS8,TRUE,TRUE,TRUE,TRUE,4
SNX19,TRUE,TRUE,TRUE,TRUE,4
CAMK1D,TRUE,TRUE,TRUE,TRUE,4
ACBD7,TRUE,FALSE,FALSE,FALSE,1
NMT2,TRUE,TRUE,TRUE,FALSE,3
NEBL-AS1,TRUE,TRUE,TRUE,TRUE,4
ARHGAP21,TRUE,TRUE,TRUE,TRUE,4
ZEB1-AS1,TRUE,TRUE,TRUE,TRUE,4
KIF5B,TRUE,TRUE,TRUE,TRUE,4
CREM,TRUE,TRUE,TRUE,TRUE,4
SGMS1,TRUE,TRUE,TRUE,TRUE,4
ANK3,TRUE,TRUE,TRUE,TRUE,4
JMJD1C,TRUE,TRUE,TRUE,TRUE,4
DNAJC12,TRUE,TRUE,TRUE,TRUE,4
SIRT1,TRUE,TRUE,TRUE,TRUE,4
HERC4,TRUE,TRUE,TRUE,TRUE,4
MICU1,TRUE,TRUE,TRUE,TRUE,4
ECD,TRUE,TRUE,TRUE,TRUE,4
DNAJC9-AS1,TRUE,TRUE,TRUE,TRUE,4
VDAC2,TRUE,TRUE,TRUE,TRUE,4
RPS24,TRUE,TRUE,TRUE,TRUE,4
TMEM254,TRUE,TRUE,TRUE,TRUE,4
SNCG,TRUE,TRUE,TRUE,TRUE,4
MMS19,TRUE,TRUE,TRUE,FALSE,3
CUTC,TRUE,TRUE,TRUE,TRUE,4
HPS6,TRUE,TRUE,TRUE,TRUE,4
CUEDC2,TRUE,TRUE,TRUE,TRUE,4
ADD3,TRUE,TRUE,TRUE,TRUE,4
PDCD4,TRUE,TRUE,TRUE,TRUE,4
BBIP1,TRUE,TRUE,TRUE,TRUE,4
DCLRE1A,TRUE,TRUE,TRUE,TRUE,4
ADRB1,TRUE,TRUE,TRUE,TRUE,4
ATRNL1,TRUE,TRUE,TRUE,TRUE,4
FAM204A,TRUE,TRUE,TRUE,FALSE,3
ECHS1,TRUE,TRUE,TRUE,TRUE,4
IQSEC3,TRUE,TRUE,TRUE,FALSE,3
ERC1,TRUE,TRUE,TRUE,TRUE,4
FBXL14,TRUE,TRUE,TRUE,TRUE,4
CCND2,TRUE,TRUE,TRUE,TRUE,4
C12orf4,TRUE,TRUE,TRUE,TRUE,4
MRPL51,TRUE,TRUE,TRUE,TRUE,4
IFFO1,TRUE,TRUE,TRUE,TRUE,4
USP5,TRUE,TRUE,TRUE,TRUE,4
STRAP,TRUE,TRUE,TRUE,TRUE,4
LMO3,TRUE,TRUE,TRUE,TRUE,4
ETNK1,TRUE,TRUE,TRUE,TRUE,4
SOX5,TRUE,TRUE,TRUE,TRUE,4
SCAF11,TRUE,TRUE,TRUE,TRUE,4
RPAP3,TRUE,TRUE,TRUE,TRUE,4
HDAC7,TRUE,TRUE,TRUE,TRUE,4
TUBA1C,TRUE,TRUE,TRUE,TRUE,4
PRPF40B,TRUE,TRUE,TRUE,TRUE,4
FMNL3,TRUE,TRUE,TRUE,TRUE,4
SMAGP,TRUE,TRUE,FALSE,TRUE,3
SLC4A8,TRUE,TRUE,TRUE,TRUE,4
IGFBP6,TRUE,TRUE,TRUE,TRUE,4
PRR13,TRUE,TRUE,TRUE,TRUE,4
ATP5MC2,TRUE,TRUE,TRUE,TRUE,4
COPZ1,TRUE,TRUE,FALSE,TRUE,3
ZNF385A,TRUE,TRUE,TRUE,TRUE,4
CD63,TRUE,TRUE,TRUE,TRUE,4
MYL6B,TRUE,TRUE,TRUE,TRUE,4
MYL6,TRUE,TRUE,TRUE,TRUE,4
COQ10A,TRUE,TRUE,TRUE,FALSE,3
NACA,TRUE,TRUE,TRUE,TRUE,4
MBD6,TRUE,TRUE,TRUE,TRUE,4
DCTN2,TRUE,TRUE,TRUE,TRUE,4
ARHGEF25,TRUE,TRUE,TRUE,TRUE,4
RAP1B,TRUE,TRUE,TRUE,TRUE,4
CPSF6,TRUE,TRUE,TRUE,TRUE,4
PTPRR,TRUE,TRUE,TRUE,TRUE,4
ZFC3H1,TRUE,TRUE,TRUE,TRUE,4
THAP2,TRUE,TRUE,TRUE,TRUE,4
SYT1,TRUE,TRUE,TRUE,TRUE,4
TMTC2,TRUE,TRUE,TRUE,TRUE,4
KITLG,TRUE,TRUE,TRUE,TRUE,4
ATP2B1,TRUE,TRUE,TRUE,TRUE,4
NDUFA12,TRUE,TRUE,TRUE,TRUE,4
APPL2,TRUE,TRUE,TRUE,TRUE,4
SART3,TRUE,TRUE,TRUE,TRUE,4
ISCU,TRUE,TRUE,TRUE,TRUE,4
CORO1C,TRUE,TRUE,TRUE,TRUE,4
GIT2,TRUE,TRUE,TRUE,TRUE,4
ATXN2,TRUE,TRUE,TRUE,TRUE,4
MAPKAPK5-AS1,TRUE,TRUE,TRUE,TRUE,4
PTPN11,TRUE,TRUE,TRUE,TRUE,4
DDX54,TRUE,TRUE,TRUE,TRUE,4
TAOK3,TRUE,TRUE,TRUE,TRUE,4
PXN,TRUE,TRUE,TRUE,TRUE,4
DYNLL1,TRUE,TRUE,TRUE,TRUE,4
ANAPC5,TRUE,TRUE,TRUE,TRUE,4
CLIP1,TRUE,TRUE,TRUE,TRUE,4
RSRC2,TRUE,TRUE,TRUE,TRUE,4
CDK2AP1,TRUE,TRUE,TRUE,TRUE,4
GLT1D1,TRUE,TRUE,TRUE,TRUE,4
SFSWAP,TRUE,TRUE,TRUE,TRUE,4
ANKLE2,TRUE,TRUE,TRUE,FALSE,3
ATP8A2,TRUE,TRUE,TRUE,TRUE,4
GTF3A,TRUE,TRUE,TRUE,TRUE,4
KATNAL1,TRUE,FALSE,TRUE,TRUE,3
CSNK1A1L,TRUE,TRUE,FALSE,FALSE,2
DNAJC15,TRUE,TRUE,TRUE,TRUE,4
ENOX1,TRUE,TRUE,TRUE,TRUE,4
ZC3H13,TRUE,TRUE,TRUE,TRUE,4
SETDB2,TRUE,TRUE,TRUE,TRUE,4
INTS6,TRUE,TRUE,TRUE,TRUE,4
SUGT1,TRUE,TRUE,TRUE,TRUE,4
PCDH9,TRUE,TRUE,TRUE,TRUE,4
PIBF1,TRUE,TRUE,TRUE,TRUE,4
SLAIN1,TRUE,TRUE,TRUE,TRUE,4
NDFIP2,TRUE,TRUE,TRUE,TRUE,4
SLITRK1,TRUE,TRUE,TRUE,TRUE,4
STK24,TRUE,TRUE,TRUE,TRUE,4
TMTC4,TRUE,TRUE,TRUE,TRUE,4
TEX30,TRUE,TRUE,TRUE,TRUE,4
CCNB1IP1,TRUE,TRUE,TRUE,TRUE,4
OSGEP,TRUE,TRUE,TRUE,TRUE,4
MRPL52,TRUE,TRUE,TRUE,TRUE,4
SLC7A8,TRUE,TRUE,TRUE,TRUE,4
HOMEZ,TRUE,TRUE,TRUE,TRUE,4
PABPN1,TRUE,TRUE,TRUE,TRUE,4
THTPA,TRUE,TRUE,TRUE,TRUE,4
DCAF11,TRUE,TRUE,TRUE,TRUE,4
PSME1,TRUE,TRUE,TRUE,TRUE,4
SDR39U1,TRUE,TRUE,TRUE,TRUE,4
AP4S1,TRUE,TRUE,TRUE,TRUE,4
ARHGAP5-AS1,TRUE,TRUE,TRUE,FALSE,3
SNX6,TRUE,TRUE,TRUE,TRUE,4
CFL2,TRUE,TRUE,TRUE,TRUE,4
RALGAPA1,TRUE,TRUE,TRUE,TRUE,4
TOGARAM1,TRUE,TRUE,TRUE,TRUE,4
MDGA2,TRUE,TRUE,TRUE,TRUE,4
LRR1,TRUE,TRUE,TRUE,TRUE,4
GNG2,TRUE,TRUE,TRUE,TRUE,4
GNPNAT1,TRUE,TRUE,TRUE,TRUE,4
GMFB,TRUE,TRUE,TRUE,TRUE,4
SLC38A6,TRUE,TRUE,TRUE,FALSE,3
HIF1A,TRUE,TRUE,TRUE,TRUE,4
AKAP5,TRUE,TRUE,TRUE,TRUE,4
MAX,TRUE,TRUE,TRUE,TRUE,4
ACTN1,TRUE,TRUE,TRUE,TRUE,4
SRSF5,TRUE,TRUE,TRUE,TRUE,4
COQ6,TRUE,TRUE,TRUE,TRUE,4
ALDH6A1,TRUE,TRUE,TRUE,TRUE,4
NPC2,TRUE,TRUE,TRUE,TRUE,4
IFT43,TRUE,TRUE,TRUE,TRUE,4
GSTZ1,TRUE,TRUE,TRUE,TRUE,4
SLIRP,TRUE,TRUE,FALSE,FALSE,2
ZC3H14,TRUE,TRUE,TRUE,TRUE,4
TTC8,TRUE,TRUE,TRUE,TRUE,4
CALM1,TRUE,TRUE,TRUE,TRUE,4
TTC7B,TRUE,TRUE,TRUE,TRUE,4
NDUFB1,TRUE,TRUE,TRUE,TRUE,4
CPSF2,TRUE,TRUE,TRUE,FALSE,3
IFI27L1,TRUE,TRUE,TRUE,TRUE,4
SNHG10,TRUE,TRUE,TRUE,TRUE,4
C14orf132,TRUE,TRUE,TRUE,TRUE,4
CYP46A1,TRUE,TRUE,TRUE,TRUE,4
PPP2R5C,TRUE,TRUE,TRUE,TRUE,4
CKB,TRUE,TRUE,TRUE,TRUE,4
BAG5,TRUE,TRUE,TRUE,TRUE,4
ZFYVE21,TRUE,TRUE,TRUE,TRUE,4
PACS2,TRUE,TRUE,TRUE,TRUE,4
NOP10,TRUE,TRUE,TRUE,TRUE,4
MEIS2,TRUE,TRUE,TRUE,TRUE,4
INAFM2,TRUE,TRUE,TRUE,TRUE,4
TYRO3,TRUE,TRUE,TRUE,TRUE,4
CCNDBP1,TRUE,TRUE,TRUE,TRUE,4
CKMT1B,TRUE,TRUE,TRUE,FALSE,3
B2M,TRUE,TRUE,TRUE,TRUE,4
MYEF2,TRUE,TRUE,TRUE,TRUE,4
DTWD1,TRUE,TRUE,TRUE,TRUE,4
USP8,TRUE,TRUE,TRUE,TRUE,4
MYO5A,TRUE,TRUE,TRUE,TRUE,4
ARPP19,TRUE,TRUE,TRUE,TRUE,4
LINC00926,TRUE,TRUE,TRUE,TRUE,4
GTF2A2,TRUE,TRUE,TRUE,FALSE,3
BNIP2,TRUE,TRUE,TRUE,TRUE,4
RPS27L,TRUE,TRUE,TRUE,TRUE,4
MAP2K1,TRUE,TRUE,TRUE,TRUE,4
SNAPC5,TRUE,TRUE,TRUE,TRUE,4
RPLP1,TRUE,TRUE,TRUE,TRUE,4
LRRC49,TRUE,TRUE,TRUE,TRUE,4
TMEM202-AS1,TRUE,TRUE,TRUE,TRUE,4
ARIH1,TRUE,TRUE,TRUE,TRUE,4
NEO1,TRUE,TRUE,TRUE,TRUE,4
SEMA7A,TRUE,TRUE,TRUE,TRUE,4
MPI,TRUE,TRUE,TRUE,TRUE,4
PTPN9,TRUE,TRUE,TRUE,TRUE,4
FBXO22,TRUE,TRUE,TRUE,TRUE,4
PEAK1,TRUE,TRUE,TRUE,TRUE,4
HMG20A,TRUE,TRUE,TRUE,TRUE,4
IDH3A,TRUE,TRUE,TRUE,TRUE,4
RASGRF1,TRUE,TRUE,TRUE,TRUE,4
SNHG21,TRUE,TRUE,TRUE,TRUE,4
HDGFL3,TRUE,TRUE,TRUE,TRUE,4
ANPEP,TRUE,TRUE,TRUE,TRUE,4
ZNF710-AS1,TRUE,TRUE,TRUE,TRUE,4
CIB1,TRUE,FALSE,FALSE,FALSE,1
HDDC3,TRUE,TRUE,TRUE,TRUE,4
SV2B,TRUE,TRUE,TRUE,TRUE,4
IGF1R,TRUE,TRUE,TRUE,TRUE,4
SNRNP25,TRUE,TRUE,TRUE,TRUE,4
NPRL3,TRUE,TRUE,TRUE,TRUE,4
GNPTG,TRUE,TRUE,TRUE,TRUE,4
NUBP2,TRUE,TRUE,TRUE,TRUE,4
RNPS1,TRUE,TRUE,FALSE,TRUE,3
TBC1D24,TRUE,TRUE,TRUE,TRUE,4
HCFC1R1,TRUE,TRUE,TRUE,TRUE,4
TRAP1,TRUE,TRUE,TRUE,TRUE,4
MGRN1,TRUE,TRUE,TRUE,TRUE,4
SNN,TRUE,TRUE,TRUE,TRUE,4
GSPT1,TRUE,TRUE,TRUE,TRUE,4
PDXDC1,TRUE,TRUE,TRUE,TRUE,4
TMC7,TRUE,TRUE,TRUE,TRUE,4
ERI2,TRUE,TRUE,TRUE,TRUE,4
UQCRC2,TRUE,TRUE,TRUE,TRUE,4
PRKCB,TRUE,TRUE,TRUE,TRUE,4
CACNG3,TRUE,TRUE,TRUE,TRUE,4
RBBP6,TRUE,TRUE,TRUE,TRUE,4
GSG1L,TRUE,TRUE,TRUE,TRUE,4
BCL7C,TRUE,TRUE,TRUE,TRUE,4
LONP2,TRUE,TRUE,TRUE,TRUE,4
CNEP1R1,TRUE,TRUE,TRUE,FALSE,3
BRD7,TRUE,TRUE,TRUE,FALSE,3
RPGRIP1L,TRUE,TRUE,TRUE,FALSE,3
GNAO1,TRUE,TRUE,TRUE,TRUE,4
MT2A,TRUE,TRUE,TRUE,TRUE,4
NUP93,TRUE,TRUE,TRUE,TRUE,4
ATP6V0D1,TRUE,TRUE,TRUE,TRUE,4
ENKD1,TRUE,TRUE,TRUE,TRUE,4
C16orf86,TRUE,TRUE,TRUE,TRUE,4
SLC7A6OS,TRUE,TRUE,TRUE,TRUE,4
WWP2,TRUE,TRUE,TRUE,TRUE,4
VAC14,TRUE,TRUE,TRUE,FALSE,3
GLG1,TRUE,TRUE,TRUE,TRUE,4
GABARAPL2,TRUE,TRUE,TRUE,TRUE,4
TERF2IP,TRUE,TRUE,TRUE,TRUE,4
VAT1L,TRUE,TRUE,TRUE,TRUE,4
HSBP1,TRUE,TRUE,TRUE,TRUE,4
MBTPS1,TRUE,TRUE,FALSE,FALSE,2
COTL1,TRUE,TRUE,TRUE,TRUE,4
ZC3H18,TRUE,TRUE,TRUE,TRUE,4
TRAPPC2L,TRUE,TRUE,TRUE,FALSE,3
ANKRD11,TRUE,TRUE,TRUE,TRUE,4
SPIRE2,TRUE,FALSE,TRUE,TRUE,3
NXN,TRUE,TRUE,TRUE,TRUE,4
ABR,TRUE,TRUE,TRUE,TRUE,4
RILP,TRUE,TRUE,TRUE,TRUE,4
RAP1GAP2,TRUE,TRUE,TRUE,TRUE,4
CYB5D2,TRUE,TRUE,TRUE,TRUE,4
SLC25A11,TRUE,TRUE,TRUE,TRUE,4
SCIMP,TRUE,TRUE,TRUE,TRUE,4
RPAIN,TRUE,TRUE,TRUE,TRUE,4
GABARAP,TRUE,TRUE,TRUE,TRUE,4
CHRNB1,TRUE,TRUE,TRUE,TRUE,4
ZBTB4,TRUE,TRUE,TRUE,TRUE,4
TMEM107,TRUE,TRUE,TRUE,TRUE,4
RANGRF,TRUE,TRUE,TRUE,TRUE,4
TMEM220,TRUE,TRUE,TRUE,TRUE,4
TRIM16,TRUE,TRUE,TRUE,TRUE,4
NCOR1,TRUE,TRUE,TRUE,TRUE,4
AKAP10,TRUE,TRUE,FALSE,TRUE,3
USP22,TRUE,TRUE,TRUE,TRUE,4
SDF2,TRUE,TRUE,TRUE,TRUE,4
MYO18A,TRUE,TRUE,TRUE,TRUE,4
TAOK1,TRUE,TRUE,TRUE,TRUE,4
ABHD15-AS1,TRUE,TRUE,TRUE,TRUE,4
RHBDL3,TRUE,TRUE,TRUE,TRUE,4
SYNRG,TRUE,TRUE,TRUE,TRUE,4
NEUROD2,TRUE,TRUE,TRUE,TRUE,4
MIEN1,TRUE,TRUE,TRUE,TRUE,4
NR1D1,TRUE,TRUE,TRUE,TRUE,4
KAT2A,TRUE,TRUE,TRUE,TRUE,4
EZH1,TRUE,TRUE,TRUE,TRUE,4
VPS25,TRUE,TRUE,TRUE,TRUE,4
HIGD1B,TRUE,TRUE,TRUE,TRUE,4
GFAP,TRUE,TRUE,TRUE,TRUE,4
DCAKD,TRUE,TRUE,TRUE,TRUE,4
MAPT,TRUE,TRUE,TRUE,TRUE,4
SPOP,TRUE,TRUE,TRUE,TRUE,4
NME1-NME2,TRUE,TRUE,TRUE,TRUE,4
STXBP4,TRUE,TRUE,TRUE,TRUE,4
DGKE,TRUE,TRUE,TRUE,TRUE,4
MTMR4,TRUE,TRUE,TRUE,TRUE,4
TRIM37,TRUE,TRUE,TRUE,TRUE,4
CEP95,TRUE,TRUE,TRUE,TRUE,4
AXIN2,TRUE,TRUE,TRUE,TRUE,4
NAT9,TRUE,TRUE,TRUE,TRUE,4
ATP5PD,TRUE,TRUE,TRUE,TRUE,4
GRB2,TRUE,TRUE,TRUE,TRUE,4
TMEM94,TRUE,TRUE,TRUE,FALSE,3
SRP68,TRUE,TRUE,TRUE,TRUE,4
PRPSAP1,TRUE,TRUE,TRUE,TRUE,4
TNRC6C,TRUE,TRUE,TRUE,TRUE,4
GAA,TRUE,TRUE,TRUE,TRUE,4
RNF213,TRUE,TRUE,TRUE,FALSE,3
RPTOR,TRUE,TRUE,TRUE,TRUE,4
ARL16,TRUE,TRUE,TRUE,TRUE,4
ARHGDIA,TRUE,TRUE,TRUE,TRUE,4
NPB,TRUE,TRUE,TRUE,TRUE,4
PYCR1,TRUE,TRUE,TRUE,TRUE,4
SLC16A3,TRUE,TRUE,TRUE,TRUE,4
NARF,TRUE,TRUE,TRUE,TRUE,4
FOXK2,TRUE,TRUE,TRUE,TRUE,4
WDR45B,TRUE,TRUE,TRUE,TRUE,4
FN3KRP,TRUE,TRUE,TRUE,TRUE,4
PTPRM,TRUE,TRUE,TRUE,TRUE,4
ANKRD12,TRUE,TRUE,TRUE,TRUE,4
GNAL,TRUE,TRUE,TRUE,TRUE,4
MPPE1,TRUE,TRUE,TRUE,TRUE,4
RBBP8,TRUE,TRUE,TRUE,TRUE,4
CABLES1,TRUE,TRUE,TRUE,TRUE,4
OSBPL1A,TRUE,TRUE,TRUE,TRUE,4
GAREM1,TRUE,TRUE,TRUE,TRUE,4
DTNA,TRUE,TRUE,TRUE,TRUE,4
RPRD1A,TRUE,TRUE,TRUE,TRUE,4
HAUS1,TRUE,TRUE,TRUE,TRUE,4
ST8SIA3,TRUE,TRUE,TRUE,TRUE,4
VPS4B,TRUE,TRUE,FALSE,FALSE,2
MBP,TRUE,TRUE,TRUE,FALSE,3
HSBP1L1,TRUE,TRUE,TRUE,FALSE,3
SIRPA,TRUE,TRUE,TRUE,TRUE,4
STK35,TRUE,TRUE,TRUE,TRUE,4
ITPA,TRUE,TRUE,TRUE,TRUE,4
MKKS,TRUE,TRUE,TRUE,FALSE,3
NAA20,TRUE,TRUE,TRUE,TRUE,4
PYGB,TRUE,TRUE,TRUE,TRUE,4
ZNF337,TRUE,TRUE,TRUE,TRUE,4
PXMP4,TRUE,TRUE,TRUE,TRUE,4
DYNLRB1,TRUE,TRUE,TRUE,TRUE,4
NCOA6,TRUE,TRUE,TRUE,TRUE,4
SRC,TRUE,TRUE,TRUE,TRUE,4
BLCAP,TRUE,TRUE,TRUE,TRUE,4
NNAT,TRUE,TRUE,TRUE,TRUE,4
PKIG,TRUE,TRUE,TRUE,TRUE,4
STK4,TRUE,TRUE,TRUE,TRUE,4
SYS1-DBNDD2,TRUE,TRUE,FALSE,TRUE,3
WFDC2,TRUE,TRUE,TRUE,FALSE,3
WFDC3,TRUE,TRUE,TRUE,FALSE,3
NCOA5,TRUE,TRUE,TRUE,TRUE,4
PREX1,TRUE,TRUE,TRUE,TRUE,4
KCNB1,TRUE,TRUE,TRUE,TRUE,4
DPM1,TRUE,TRUE,TRUE,TRUE,4
RTF2,TRUE,TRUE,TRUE,TRUE,4
GNAS,TRUE,TRUE,TRUE,TRUE,4
ATP5F1E,TRUE,TRUE,TRUE,TRUE,4
RPS21,TRUE,TRUE,TRUE,TRUE,4
EEF1A2,TRUE,TRUE,TRUE,TRUE,4
MHENCR,TRUE,TRUE,TRUE,TRUE,4
FSTL3,TRUE,TRUE,TRUE,TRUE,4
ATP5F1D,TRUE,TRUE,TRUE,TRUE,4
NDUFS7,TRUE,FALSE,TRUE,TRUE,3
MBD3,TRUE,TRUE,TRUE,TRUE,4
MKNK2,TRUE,TRUE,TRUE,TRUE,4
PLEKHJ1,TRUE,TRUE,TRUE,TRUE,4
LSM7,TRUE,TRUE,TRUE,TRUE,4
TIMM13,TRUE,TRUE,TRUE,TRUE,4
PIP5K1C,TRUE,TRUE,TRUE,TRUE,4
ANKRD24,TRUE,TRUE,TRUE,TRUE,4
UBXN6,TRUE,TRUE,TRUE,TRUE,4
HDGFL2,TRUE,TRUE,TRUE,TRUE,4
PET100,TRUE,TRUE,FALSE,TRUE,3
CLEC4G,TRUE,TRUE,TRUE,TRUE,4
SNAPC2,TRUE,TRUE,TRUE,TRUE,4
ILF3-DT,TRUE,TRUE,TRUE,TRUE,4
STX10,TRUE,TRUE,TRUE,TRUE,4
IER2,TRUE,TRUE,TRUE,TRUE,4
ILVBL,TRUE,TRUE,TRUE,TRUE,4
EPS15L1,TRUE,TRUE,TRUE,TRUE,4
USE1,TRUE,TRUE,FALSE,FALSE,2
MAP1S,TRUE,TRUE,TRUE,TRUE,4
RPL18A,TRUE,TRUE,TRUE,TRUE,4
LSM4,TRUE,TRUE,TRUE,TRUE,4
KXD1,TRUE,TRUE,TRUE,TRUE,4
NR2C2AP,TRUE,TRUE,TRUE,TRUE,4
NDUFA13,TRUE,TRUE,FALSE,TRUE,3
PDCD5,TRUE,TRUE,TRUE,TRUE,4
ZNF302,TRUE,TRUE,TRUE,TRUE,4
CLIP3,TRUE,TRUE,TRUE,TRUE,4
CAPNS1,TRUE,TRUE,TRUE,TRUE,4
COX7A1,TRUE,TRUE,FALSE,FALSE,2
GMFG,TRUE,TRUE,TRUE,TRUE,4
TTC9B,TRUE,TRUE,TRUE,TRUE,4
HNRNPUL1,TRUE,TRUE,TRUE,TRUE,4
RABAC1,TRUE,TRUE,TRUE,TRUE,4
BCL3,TRUE,TRUE,FALSE,FALSE,2
CLASRP,TRUE,TRUE,TRUE,TRUE,4
ERCC1,TRUE,TRUE,TRUE,TRUE,4
RTN2,TRUE,TRUE,TRUE,TRUE,4
EML2,TRUE,TRUE,TRUE,TRUE,4
FBXO46,TRUE,TRUE,FALSE,TRUE,3
PNMA8C,TRUE,TRUE,TRUE,TRUE,4
STRN4,TRUE,TRUE,TRUE,TRUE,4
ZC3H4,TRUE,TRUE,TRUE,TRUE,4
SELENOW,TRUE,TRUE,TRUE,TRUE,4
DBP,TRUE,TRUE,TRUE,TRUE,4
BAX,TRUE,TRUE,TRUE,TRUE,4
LIN7B,TRUE,TRUE,TRUE,TRUE,4
PIH1D1,TRUE,TRUE,TRUE,TRUE,4
NOSIP,TRUE,TRUE,TRUE,FALSE,3
PTOV1,TRUE,TRUE,TRUE,TRUE,4
EMC10,TRUE,TRUE,TRUE,TRUE,4
ETFB,TRUE,TRUE,TRUE,TRUE,4
ZNF701,TRUE,TRUE,TRUE,TRUE,4
TFPT,TRUE,TRUE,TRUE,TRUE,4
TNNT1,TRUE,TRUE,FALSE,FALSE,2
ISOC2,TRUE,TRUE,TRUE,FALSE,3
ZNF667-AS1,TRUE,TRUE,TRUE,TRUE,4
HDHD5,TRUE,TRUE,TRUE,FALSE,3
BID,TRUE,TRUE,TRUE,TRUE,4
COMT,TRUE,TRUE,TRUE,TRUE,4
DGCR8,TRUE,FALSE,TRUE,TRUE,3
THAP7,TRUE,FALSE,TRUE,FALSE,2
SPECC1L,TRUE,TRUE,TRUE,FALSE,3
MIAT,TRUE,TRUE,TRUE,TRUE,4
EWSR1,TRUE,TRUE,TRUE,TRUE,4
CCDC157,TRUE,TRUE,FALSE,FALSE,2
PATZ1,TRUE,TRUE,TRUE,TRUE,4
HMGXB4,TRUE,TRUE,TRUE,TRUE,4
APOL2,TRUE,TRUE,TRUE,TRUE,4
TXN2,TRUE,TRUE,TRUE,TRUE,4
SYNGR1,TRUE,TRUE,TRUE,TRUE,4
RPS19BP1,TRUE,TRUE,TRUE,TRUE,4
TNRC6B,TRUE,TRUE,TRUE,TRUE,4
ZC3H7B,TRUE,TRUE,TRUE,TRUE,4
NDUFA6,TRUE,TRUE,TRUE,TRUE,4
CYB5R3,TRUE,TRUE,TRUE,TRUE,4
TTLL12,TRUE,TRUE,TRUE,FALSE,3
MPPED1,TRUE,TRUE,TRUE,TRUE,4
SULT4A1,TRUE,TRUE,TRUE,TRUE,4
MAPK12,TRUE,TRUE,TRUE,TRUE,4
CHKB,TRUE,TRUE,TRUE,TRUE,4
MIR99AHG,TRUE,TRUE,TRUE,TRUE,4
ATP5PF,TRUE,TRUE,TRUE,TRUE,4
GABPA,TRUE,TRUE,TRUE,FALSE,3
APP,TRUE,TRUE,TRUE,TRUE,4
BRWD1,TRUE,TRUE,TRUE,TRUE,4
PDE9A,TRUE,TRUE,TRUE,TRUE,4
PDXK,TRUE,TRUE,TRUE,TRUE,4
AGPAT3,TRUE,FALSE,TRUE,TRUE,3
TRAPPC10,TRUE,TRUE,TRUE,TRUE,4
TRPM2,TRUE,TRUE,TRUE,TRUE,4
PRKCZ,TRUE,TRUE,TRUE,TRUE,4
SLC25A33,TRUE,TRUE,TRUE,TRUE,4
CENPS-CORT,TRUE,FALSE,FALSE,FALSE,1
AGTRAP,TRUE,TRUE,TRUE,FALSE,3
KIAA2013,TRUE,TRUE,TRUE,TRUE,4
MFN2,TRUE,TRUE,TRUE,TRUE,4
NBL1,TRUE,TRUE,TRUE,TRUE,4
LUZP1,TRUE,TRUE,TRUE,TRUE,4
TMEM50A,TRUE,TRUE,TRUE,FALSE,3
FABP3,TRUE,TRUE,TRUE,FALSE,3
ZBTB8OS,TRUE,TRUE,TRUE,TRUE,4
MRPS15,TRUE,TRUE,TRUE,TRUE,4
RNF220,TRUE,TRUE,TRUE,TRUE,4
MRPL37,TRUE,TRUE,TRUE,TRUE,4
TM2D1,TRUE,TRUE,TRUE,TRUE,4
PDE4B,TRUE,TRUE,TRUE,TRUE,4
CSDE1,TRUE,TRUE,TRUE,TRUE,4
RIIAD1,TRUE,TRUE,TRUE,TRUE,4
MEF2D,TRUE,TRUE,TRUE,TRUE,4
NCSTN,TRUE,TRUE,TRUE,TRUE,4
IER5,TRUE,TRUE,TRUE,TRUE,4
GLRX2,TRUE,TRUE,TRUE,TRUE,4
SHISA4,TRUE,TRUE,TRUE,TRUE,4
C1orf115,TRUE,TRUE,TRUE,TRUE,4
SUSD4,TRUE,TRUE,TRUE,TRUE,4
CNIH4,TRUE,TRUE,TRUE,FALSE,3
SRP9,TRUE,TRUE,TRUE,TRUE,4
ARF1,TRUE,TRUE,TRUE,TRUE,4
TOMM20,TRUE,TRUE,TRUE,TRUE,4
RBM34,TRUE,TRUE,TRUE,TRUE,4
SH3BP5L,TRUE,TRUE,TRUE,TRUE,4
EIPR1,TRUE,TRUE,TRUE,TRUE,4
IAH1,TRUE,TRUE,TRUE,FALSE,3
SMC6,TRUE,TRUE,TRUE,FALSE,3
LBH,TRUE,TRUE,TRUE,TRUE,4
CALM2,TRUE,TRUE,TRUE,TRUE,4
SLC1A4,TRUE,TRUE,TRUE,TRUE,4
ADD2,TRUE,TRUE,TRUE,TRUE,4
GGCX,TRUE,TRUE,TRUE,TRUE,4
KRCC1,TRUE,TRUE,TRUE,TRUE,4
ZC3H8,TRUE,TRUE,TRUE,TRUE,4
DBI,TRUE,TRUE,TRUE,TRUE,4
NFE2L2,TRUE,TRUE,TRUE,TRUE,4
ASNSD1,TRUE,TRUE,TRUE,TRUE,4
BZW1,TRUE,TRUE,TRUE,FALSE,3
LANCL1,TRUE,TRUE,TRUE,TRUE,4
CDK5R2,TRUE,TRUE,TRUE,TRUE,4
OBSL1,TRUE,TRUE,TRUE,TRUE,4
PTMA,TRUE,TRUE,TRUE,TRUE,4
PPP1R7,TRUE,TRUE,TRUE,TRUE,4
CRBN,TRUE,TRUE,TRUE,TRUE,4
CAMK1,TRUE,TRUE,TRUE,TRUE,4
RPUSD3,TRUE,TRUE,TRUE,TRUE,4
CHCHD4,TRUE,TRUE,TRUE,TRUE,4
HACL1,TRUE,TRUE,TRUE,TRUE,4
OXSM,TRUE,TRUE,TRUE,FALSE,3
TRANK1,TRUE,TRUE,TRUE,TRUE,4
GORASP1,TRUE,TRUE,TRUE,FALSE,3
TCAIM,TRUE,TRUE,TRUE,TRUE,4
RBM6,TRUE,TRUE,TRUE,TRUE,4
CGGBP1,TRUE,TRUE,TRUE,TRUE,4
TOMM70,TRUE,TRUE,TRUE,TRUE,4
ATP6V1A,TRUE,TRUE,TRUE,TRUE,4
SRPRB,TRUE,TRUE,TRUE,TRUE,4
PPP2R3A,TRUE,TRUE,TRUE,TRUE,4
RNF7,TRUE,TRUE,TRUE,TRUE,4
SERP1,TRUE,TRUE,FALSE,TRUE,3
SELENOT,TRUE,TRUE,TRUE,TRUE,4
MRPL47,TRUE,TRUE,TRUE,TRUE,4
POLR2H,TRUE,TRUE,TRUE,TRUE,4
TBCCD1,TRUE,TRUE,TRUE,TRUE,4
APOD,TRUE,TRUE,TRUE,TRUE,4
RUBCN,TRUE,TRUE,TRUE,TRUE,4
CRMP1,TRUE,TRUE,TRUE,TRUE,4
MRFAP1L1,TRUE,TRUE,TRUE,TRUE,4
QDPR,TRUE,TRUE,TRUE,TRUE,4
SMIM20,TRUE,TRUE,TRUE,TRUE,4
UCHL1,TRUE,TRUE,TRUE,TRUE,4
GRSF1,TRUE,TRUE,TRUE,TRUE,4
HNRNPD,TRUE,TRUE,TRUE,TRUE,4
PLAC8,TRUE,TRUE,FALSE,FALSE,2
PPM1K,TRUE,TRUE,TRUE,TRUE,4
OSTC,TRUE,FALSE,FALSE,TRUE,2
BBS7,TRUE,TRUE,TRUE,TRUE,4
SCOC,TRUE,TRUE,TRUE,TRUE,4
UBE2QL1,TRUE,TRUE,TRUE,TRUE,4
CCT5,TRUE,TRUE,TRUE,TRUE,4
ERCC8,TRUE,FALSE,TRUE,TRUE,3
GCNT4,TRUE,TRUE,TRUE,TRUE,4
TBCA,TRUE,TRUE,TRUE,TRUE,4
TRIM36,TRUE,TRUE,TRUE,TRUE,4
AP3S1,TRUE,TRUE,TRUE,TRUE,4
SEMA6A,TRUE,TRUE,TRUE,TRUE,4
CTXN3,TRUE,TRUE,TRUE,TRUE,4
SAR1B,TRUE,TRUE,TRUE,TRUE,4
CTNNA1,TRUE,TRUE,TRUE,TRUE,4
DNAJC18,TRUE,TRUE,TRUE,TRUE,4
GNPDA1,TRUE,TRUE,TRUE,TRUE,4
GRPEL2,TRUE,TRUE,TRUE,TRUE,4
SNCB,TRUE,TRUE,TRUE,TRUE,4
ALDH5A1,TRUE,TRUE,TRUE,TRUE,4
RIPOR2,TRUE,TRUE,TRUE,TRUE,4
C6orf47,TRUE,TRUE,TRUE,FALSE,3
BRD2,TRUE,TRUE,TRUE,TRUE,4
NUDT3,TRUE,TRUE,TRUE,TRUE,4
SRSF3,TRUE,TRUE,TRUE,TRUE,4
CCDC167,TRUE,TRUE,FALSE,TRUE,3
BAG2,TRUE,TRUE,TRUE,TRUE,4
RIPPLY2,TRUE,TRUE,TRUE,TRUE,4
PNRC1,TRUE,TRUE,TRUE,TRUE,4
SNX3,TRUE,TRUE,TRUE,TRUE,4
RWDD1,TRUE,TRUE,TRUE,TRUE,4
SERINC1,TRUE,TRUE,TRUE,TRUE,4
TBPL1,TRUE,TRUE,TRUE,TRUE,4
WIPI2,TRUE,TRUE,TRUE,TRUE,4
ICA1,TRUE,TRUE,TRUE,TRUE,4
TWIST1,TRUE,TRUE,TRUE,FALSE,3
CBX3,TRUE,TRUE,TRUE,TRUE,4
KBTBD2,TRUE,TRUE,TRUE,TRUE,4
TMEM248,TRUE,TRUE,TRUE,TRUE,4
FZD1,TRUE,TRUE,TRUE,TRUE,4
PTCD1,TRUE,TRUE,TRUE,FALSE,3
PPP1R35,TRUE,TRUE,TRUE,FALSE,3
ARMC10,TRUE,TRUE,TRUE,TRUE,4
CAPZA2,TRUE,TRUE,TRUE,TRUE,4
LSM8,TRUE,TRUE,TRUE,TRUE,4
CYREN,TRUE,TRUE,TRUE,TRUE,4
WDR91,TRUE,TRUE,TRUE,TRUE,4
PTN,TRUE,TRUE,TRUE,TRUE,4
RHEB,TRUE,TRUE,TRUE,TRUE,4
PDK3,TRUE,TRUE,TRUE,TRUE,4
TFE3,TRUE,TRUE,TRUE,TRUE,4
RTL5,TRUE,TRUE,TRUE,TRUE,4
MORF4L2,TRUE,TRUE,TRUE,TRUE,4
RPL39,TRUE,FALSE,FALSE,FALSE,1
RTL8B,TRUE,TRUE,TRUE,FALSE,3
IDH3G,TRUE,TRUE,TRUE,TRUE,4
UBL4A,TRUE,TRUE,TRUE,TRUE,4
CTSB,TRUE,TRUE,TRUE,TRUE,4
ATP6V1B2,TRUE,TRUE,TRUE,TRUE,4
DMTN,TRUE,TRUE,TRUE,TRUE,4
POLR3D,TRUE,TRUE,TRUE,TRUE,4
NEFM,TRUE,TRUE,TRUE,TRUE,4
DPYSL2,TRUE,TRUE,TRUE,TRUE,4
CCDC25,TRUE,TRUE,TRUE,TRUE,4
EXTL3,TRUE,TRUE,TRUE,TRUE,4
DCTN6,TRUE,TRUE,TRUE,TRUE,4
DDHD2,TRUE,TRUE,TRUE,TRUE,4
TM2D2,TRUE,TRUE,TRUE,FALSE,3
GOLGA7,TRUE,TRUE,TRUE,TRUE,4
SLC20A2,TRUE,TRUE,TRUE,TRUE,4
PENK,TRUE,FALSE,TRUE,FALSE,2
OTUD6B-AS1,TRUE,TRUE,TRUE,TRUE,4
UQCRB,TRUE,TRUE,TRUE,TRUE,4
LAPTM4B,TRUE,TRUE,TRUE,TRUE,4
ATP6V1C1,TRUE,TRUE,TRUE,TRUE,4
TATDN1,TRUE,TRUE,TRUE,TRUE,4
LY6E,TRUE,TRUE,TRUE,TRUE,4
LRRC14,TRUE,TRUE,TRUE,TRUE,4
PLPP6,TRUE,TRUE,TRUE,TRUE,4
DMAC1,TRUE,TRUE,TRUE,FALSE,3
SMIM27,TRUE,TRUE,TRUE,FALSE,3
B4GALT1-AS1,TRUE,FALSE,FALSE,TRUE,2
NFX1,TRUE,TRUE,TRUE,TRUE,4
PRSS3,TRUE,TRUE,TRUE,TRUE,4
GBA2,TRUE,TRUE,TRUE,TRUE,4
ZFAND5,TRUE,TRUE,TRUE,TRUE,4
RORB,TRUE,TRUE,TRUE,TRUE,4
GKAP1,TRUE,TRUE,TRUE,FALSE,3
NTRK2,TRUE,TRUE,TRUE,TRUE,4
ISCA1,TRUE,TRUE,TRUE,TRUE,4
CENPP,TRUE,FALSE,TRUE,FALSE,2
PLPPR1,TRUE,TRUE,TRUE,TRUE,4
SLC31A1,TRUE,TRUE,TRUE,TRUE,4
PSMD5,TRUE,TRUE,TRUE,FALSE,3
GOLGA2,TRUE,TRUE,TRUE,TRUE,4
URM1,TRUE,TRUE,TRUE,TRUE,4
KCNQ1OT1,TRUE,TRUE,TRUE,TRUE,4
ZBED5-AS1,TRUE,TRUE,TRUE,FALSE,3
PIK3C2A,TRUE,TRUE,TRUE,TRUE,4
EIF3M,TRUE,FALSE,FALSE,TRUE,2
CKAP5,TRUE,TRUE,TRUE,TRUE,4
UBE2L6,TRUE,TRUE,TRUE,TRUE,4
SCYL1,TRUE,TRUE,TRUE,TRUE,4
POLD4,TRUE,FALSE,FALSE,FALSE,1
PGM2L1,TRUE,TRUE,TRUE,TRUE,4
PANX1,TRUE,TRUE,TRUE,TRUE,4
CRYAB,TRUE,TRUE,TRUE,TRUE,4
DLAT,TRUE,TRUE,TRUE,FALSE,3
PHLDB1,TRUE,TRUE,TRUE,TRUE,4
SRPRA,TRUE,TRUE,TRUE,TRUE,4
APLP2,TRUE,TRUE,TRUE,TRUE,4
NTM,TRUE,TRUE,TRUE,TRUE,4
IDI1,TRUE,TRUE,TRUE,TRUE,4
RAB18,TRUE,TRUE,TRUE,FALSE,3
ZSWIM8,TRUE,TRUE,TRUE,TRUE,4
NOLC1,TRUE,TRUE,TRUE,TRUE,4
ACTR1A,TRUE,TRUE,TRUE,TRUE,4
GSTO1,TRUE,TRUE,TRUE,TRUE,4
TUBGCP2,TRUE,TRUE,TRUE,TRUE,4
VAMP1,TRUE,TRUE,TRUE,TRUE,4
PHB2,TRUE,TRUE,TRUE,TRUE,4
SMIM10L1,TRUE,TRUE,TRUE,TRUE,4
LOH12CR2,TRUE,TRUE,TRUE,TRUE,4
CDKN1B,TRUE,TRUE,TRUE,TRUE,4
LDHB,TRUE,TRUE,TRUE,TRUE,4
SLC48A1,TRUE,TRUE,TRUE,FALSE,3
RND1,TRUE,TRUE,TRUE,TRUE,4
DAZAP2,TRUE,TRUE,TRUE,TRUE,4
PCBP2,TRUE,TRUE,TRUE,TRUE,4
PDE1B,TRUE,FALSE,TRUE,FALSE,2
PYM1,TRUE,TRUE,TRUE,TRUE,4
LLPH,TRUE,TRUE,TRUE,TRUE,4
CAND1,TRUE,TRUE,TRUE,TRUE,4
ATP2B1-AS1,TRUE,TRUE,TRUE,TRUE,4
ANO4,TRUE,TRUE,TRUE,TRUE,4
ARL1,TRUE,TRUE,TRUE,TRUE,4
NUAK1,TRUE,TRUE,TRUE,TRUE,4
PPP1CC,TRUE,TRUE,TRUE,TRUE,4
RFC5,TRUE,TRUE,TRUE,TRUE,4
SRRM4,TRUE,TRUE,TRUE,TRUE,4
NRAV,TRUE,FALSE,FALSE,TRUE,2
UNC119B,TRUE,TRUE,TRUE,FALSE,3
KDM2B,TRUE,TRUE,TRUE,TRUE,4
TMED2,TRUE,TRUE,TRUE,TRUE,4
MICU2,TRUE,TRUE,TRUE,FALSE,3
TPT1,TRUE,TRUE,TRUE,TRUE,4
SUCLA2,TRUE,TRUE,TRUE,TRUE,4
ALG11,TRUE,TRUE,TRUE,TRUE,4
MZT1,TRUE,TRUE,TRUE,TRUE,4
DAD1,TRUE,TRUE,TRUE,TRUE,4
SCFD1,TRUE,TRUE,TRUE,TRUE,4
EGLN3,TRUE,TRUE,TRUE,TRUE,4
TRIM9,TRUE,TRUE,TRUE,TRUE,4
PSMC6,TRUE,FALSE,TRUE,TRUE,3
FUT8,TRUE,TRUE,TRUE,TRUE,4
EIF2S1,TRUE,FALSE,FALSE,TRUE,2
PIGH,TRUE,TRUE,TRUE,TRUE,4
AREL1,TRUE,TRUE,TRUE,TRUE,4
TMED10,TRUE,TRUE,TRUE,TRUE,4
AHSA1,TRUE,TRUE,TRUE,TRUE,4
ASB2,TRUE,TRUE,TRUE,TRUE,4
DDX24,TRUE,TRUE,TRUE,TRUE,4
CINP,TRUE,TRUE,TRUE,TRUE,4
KLC1,TRUE,TRUE,TRUE,TRUE,4
MAP2K5,TRUE,TRUE,TRUE,TRUE,4
LARP6,TRUE,TRUE,TRUE,TRUE,4
UBL7,TRUE,TRUE,TRUE,TRUE,4
ETFA,TRUE,TRUE,TRUE,FALSE,3
ST20-AS1,TRUE,FALSE,FALSE,TRUE,2
RPS17,TRUE,TRUE,TRUE,TRUE,4
SH3GL3,TRUE,TRUE,TRUE,TRUE,4
WFIKKN1,TRUE,TRUE,TRUE,FALSE,3
METTL26,TRUE,TRUE,TRUE,TRUE,4
GFER,TRUE,TRUE,TRUE,TRUE,4
SYNGR3,TRUE,TRUE,TRUE,TRUE,4
DEXI,TRUE,TRUE,TRUE,TRUE,4
GDE1,TRUE,TRUE,TRUE,TRUE,4
VPS35L,TRUE,TRUE,TRUE,TRUE,4
THUMPD1,TRUE,TRUE,TRUE,TRUE,4
NUPR1,TRUE,TRUE,TRUE,TRUE,4
SEZ6L2,TRUE,TRUE,TRUE,TRUE,4
ASPHD1,TRUE,TRUE,TRUE,TRUE,4
YPEL3,TRUE,TRUE,TRUE,TRUE,4
STX4,TRUE,TRUE,TRUE,TRUE,4
DYNC1LI2,TRUE,TRUE,TRUE,TRUE,4
THAP11,TRUE,TRUE,TRUE,TRUE,4
NUTF2,TRUE,FALSE,TRUE,FALSE,2
NIP7,TRUE,FALSE,FALSE,FALSE,1
NOB1,TRUE,TRUE,TRUE,TRUE,4
DHX38,TRUE,TRUE,FALSE,FALSE,2
CMC2,TRUE,TRUE,TRUE,TRUE,4
HSDL1,TRUE,TRUE,TRUE,TRUE,4
MAP1LC3B,TRUE,TRUE,TRUE,TRUE,4
DBNDD1,TRUE,TRUE,TRUE,TRUE,4
TXNDC17,TRUE,TRUE,TRUE,TRUE,4
ACADVL,TRUE,TRUE,TRUE,TRUE,4
TMEM256-PLSCR3,TRUE,TRUE,TRUE,FALSE,3
COPS3,TRUE,TRUE,TRUE,TRUE,4
OMG,TRUE,TRUE,TRUE,TRUE,4
NLE1,TRUE,FALSE,FALSE,TRUE,2
ACLY,TRUE,TRUE,TRUE,TRUE,4
RND2,TRUE,TRUE,TRUE,TRUE,4
PDK2,TRUE,TRUE,TRUE,TRUE,4
LRRC59,TRUE,TRUE,TRUE,FALSE,3
SKA2,TRUE,TRUE,TRUE,TRUE,4
PRKAR1A,TRUE,TRUE,TRUE,TRUE,4
KCTD2,TRUE,TRUE,TRUE,TRUE,4
ARMC7,TRUE,FALSE,TRUE,FALSE,2
MXRA7,TRUE,TRUE,TRUE,TRUE,4
P4HB,TRUE,TRUE,TRUE,TRUE,4
GPS1,TRUE,TRUE,TRUE,TRUE,4
USP14,TRUE,TRUE,TRUE,TRUE,4
SEH1L,TRUE,TRUE,TRUE,TRUE,4
SEC11C,TRUE,TRUE,TRUE,TRUE,4
CYB5A,TRUE,TRUE,TRUE,TRUE,4
PAK5,TRUE,TRUE,TRUE,TRUE,4
DSTN,TRUE,TRUE,TRUE,TRUE,4
NORAD,TRUE,TRUE,TRUE,TRUE,4
SERINC3,TRUE,TRUE,TRUE,TRUE,4
PIGT,TRUE,TRUE,TRUE,TRUE,4
PHACTR3,TRUE,TRUE,TRUE,TRUE,4
DNAJC5,TRUE,TRUE,TRUE,TRUE,4
UBL5,TRUE,TRUE,TRUE,TRUE,4
ILF3,TRUE,TRUE,TRUE,TRUE,4
RAD23A,TRUE,TRUE,TRUE,TRUE,4
PRKACA,TRUE,TRUE,TRUE,TRUE,4
ZNF738,TRUE,TRUE,TRUE,TRUE,4
FXYD7,TRUE,TRUE,TRUE,TRUE,4
SIRT2,TRUE,TRUE,TRUE,FALSE,3
PSMC4,TRUE,TRUE,TRUE,TRUE,4
PNMA8A,TRUE,TRUE,TRUE,TRUE,4
ASPDH,TRUE,TRUE,TRUE,TRUE,4
ZNF132,TRUE,TRUE,TRUE,TRUE,4
ESS2,TRUE,TRUE,TRUE,FALSE,3
DGCR6L,TRUE,TRUE,TRUE,TRUE,4
GNAZ,TRUE,TRUE,TRUE,TRUE,4
HPS4,TRUE,TRUE,TRUE,TRUE,4
KCTD17,TRUE,TRUE,TRUE,TRUE,4
CBX7,TRUE,TRUE,TRUE,TRUE,4
POLR3H,TRUE,TRUE,TRUE,TRUE,4
SBF1,TRUE,TRUE,TRUE,TRUE,4
SCNN1D,TRUE,TRUE,TRUE,FALSE,3
SLC9A1,TRUE,TRUE,FALSE,TRUE,3
ALG14,TRUE,TRUE,TRUE,TRUE,4
TMEM167B,TRUE,TRUE,TRUE,TRUE,4
MCL1,TRUE,TRUE,TRUE,TRUE,4
ENSA,TRUE,TRUE,TRUE,TRUE,4
CDC42SE1,TRUE,TRUE,TRUE,TRUE,4
LMNA,TRUE,TRUE,TRUE,TRUE,4
PEA15,TRUE,TRUE,TRUE,TRUE,4
NFU1,TRUE,TRUE,TRUE,TRUE,4
PXK,TRUE,TRUE,TRUE,TRUE,4
CCNG2,TRUE,TRUE,TRUE,TRUE,4
PDCD6,TRUE,TRUE,TRUE,TRUE,4
C6orf62,TRUE,TRUE,TRUE,TRUE,4
CUL7,TRUE,TRUE,TRUE,FALSE,3
MANEA,TRUE,TRUE,TRUE,FALSE,3
RSPH3,TRUE,TRUE,TRUE,TRUE,4
URGCP,TRUE,TRUE,TRUE,TRUE,4
ZC3HC1,TRUE,TRUE,TRUE,FALSE,3
HIPK2,TRUE,TRUE,TRUE,TRUE,4
SLC37A3,TRUE,TRUE,TRUE,FALSE,3
TXLNG,TRUE,TRUE,TRUE,TRUE,4
HNRNPH2,TRUE,TRUE,TRUE,TRUE,4
PLS3,TRUE,TRUE,TRUE,TRUE,4
LINC00632,TRUE,TRUE,TRUE,TRUE,4
BHLHE22,TRUE,TRUE,TRUE,TRUE,4
LY96,TRUE,TRUE,TRUE,TRUE,4
DECR1,TRUE,TRUE,TRUE,TRUE,4
LRSAM1,TRUE,TRUE,TRUE,TRUE,4
SPTAN1,TRUE,TRUE,TRUE,TRUE,4
EXOSC2,TRUE,TRUE,TRUE,TRUE,4
NPDC1,TRUE,TRUE,TRUE,TRUE,4
RASGRP2,TRUE,TRUE,TRUE,TRUE,4
CTTN,TRUE,TRUE,TRUE,TRUE,4
ENKUR,TRUE,FALSE,FALSE,TRUE,2
TFAM,TRUE,TRUE,TRUE,FALSE,3
ASCC1,TRUE,TRUE,TRUE,TRUE,4
AP3M1,TRUE,TRUE,TRUE,TRUE,4
PRMT8,TRUE,TRUE,TRUE,TRUE,4
LRRC23,TRUE,TRUE,TRUE,TRUE,4
GPD1,TRUE,TRUE,TRUE,FALSE,3
USP30,TRUE,TRUE,TRUE,TRUE,4
RNF10,TRUE,TRUE,TRUE,TRUE,4
KPNA3,TRUE,TRUE,TRUE,TRUE,4
FBLN5,TRUE,TRUE,TRUE,TRUE,4
CLPX,TRUE,TRUE,TRUE,TRUE,4
DPP8,TRUE,TRUE,TRUE,TRUE,4
PCSK6,TRUE,TRUE,TRUE,TRUE,4
HBA2,TRUE,TRUE,TRUE,TRUE,4
HBA1,TRUE,TRUE,TRUE,TRUE,4
MAPK3,TRUE,TRUE,TRUE,TRUE,4
SNAI3-AS1,TRUE,TRUE,TRUE,TRUE,4
DERL2,TRUE,TRUE,TRUE,TRUE,4
RNF227,TRUE,TRUE,TRUE,TRUE,4
TAF15,TRUE,TRUE,TRUE,FALSE,3
ATP6V0A1,TRUE,TRUE,TRUE,TRUE,4
CBX1,TRUE,TRUE,TRUE,TRUE,4
UBALD2,TRUE,TRUE,TRUE,FALSE,3
TXNL4A,TRUE,TRUE,TRUE,TRUE,4
TASP1,TRUE,TRUE,TRUE,TRUE,4
CRNKL1,TRUE,TRUE,TRUE,FALSE,3
ZFR2,TRUE,TRUE,TRUE,TRUE,4
ECSIT,TRUE,TRUE,TRUE,FALSE,3
ABHD8,TRUE,TRUE,TRUE,TRUE,4
PLD3,TRUE,TRUE,TRUE,TRUE,4
ZNF224,TRUE,TRUE,TRUE,TRUE,4
ZNF584,TRUE,TRUE,TRUE,TRUE,4
POLR2F,TRUE,TRUE,TRUE,TRUE,4
ACO2,TRUE,TRUE,TRUE,TRUE,4
C1orf52,TRUE,TRUE,TRUE,TRUE,4
WDR3,TRUE,TRUE,TRUE,TRUE,4
PSMD4,TRUE,TRUE,TRUE,FALSE,3
THEM4,TRUE,TRUE,TRUE,FALSE,3
COQ8A,TRUE,TRUE,TRUE,FALSE,3
COA6,TRUE,TRUE,TRUE,TRUE,4
MORN2,TRUE,FALSE,FALSE,TRUE,2
VAMP8,TRUE,TRUE,TRUE,TRUE,4
LNPK,TRUE,TRUE,TRUE,TRUE,4
ARIH2,TRUE,TRUE,TRUE,TRUE,4
RHOA,TRUE,TRUE,TRUE,TRUE,4
FAM162A,TRUE,TRUE,TRUE,TRUE,4
MYLK,TRUE,TRUE,TRUE,TRUE,4
GRK4,TRUE,TRUE,TRUE,FALSE,3
HPSE,TRUE,TRUE,TRUE,TRUE,4
PGRMC2,TRUE,TRUE,TRUE,TRUE,4
ING2,TRUE,TRUE,TRUE,TRUE,4
RHOBTB3,TRUE,TRUE,TRUE,TRUE,4
GABRA1,TRUE,TRUE,TRUE,TRUE,4
LINC01202,TRUE,TRUE,TRUE,TRUE,4
HNRNPH1,TRUE,TRUE,TRUE,TRUE,4
DCDC2,TRUE,TRUE,TRUE,TRUE,4
HCG11,TRUE,TRUE,TRUE,TRUE,4
PRR3,TRUE,TRUE,TRUE,TRUE,4
TRAM2,TRUE,TRUE,TRUE,TRUE,4
CD24,TRUE,TRUE,TRUE,TRUE,4
FAM20C,TRUE,TRUE,TRUE,TRUE,4
GRIPAP1,TRUE,TRUE,TRUE,TRUE,4
ANXA1,TRUE,TRUE,TRUE,TRUE,4
TRMO,TRUE,TRUE,TRUE,TRUE,4
SUSD1,TRUE,TRUE,TRUE,TRUE,4
FAR1,TRUE,TRUE,TRUE,TRUE,4
SLC1A2,TRUE,TRUE,TRUE,TRUE,4
GDPD5,TRUE,TRUE,TRUE,TRUE,4
KIN,TRUE,TRUE,TRUE,TRUE,4
SGPL1,TRUE,TRUE,TRUE,TRUE,4
DERA,TRUE,TRUE,TRUE,TRUE,4
LTA4H,TRUE,TRUE,TRUE,TRUE,4
CDADC1,TRUE,TRUE,TRUE,TRUE,4
FARP1,TRUE,TRUE,TRUE,TRUE,4
BBOF1,TRUE,TRUE,TRUE,TRUE,4
MTHFS,TRUE,TRUE,TRUE,TRUE,4
SPNS1,TRUE,TRUE,TRUE,FALSE,3
C16orf87,TRUE,TRUE,TRUE,TRUE,4
OGFOD1,TRUE,TRUE,TRUE,FALSE,3
SPATA33,TRUE,TRUE,TRUE,FALSE,3
MC1R,TRUE,TRUE,TRUE,FALSE,3
DHRS7B,TRUE,TRUE,TRUE,TRUE,4
SLC25A39,TRUE,TRUE,TRUE,TRUE,4
XYLT2,TRUE,TRUE,TRUE,FALSE,3
AQP4,TRUE,TRUE,TRUE,TRUE,4
RPRD1B,TRUE,TRUE,TRUE,TRUE,4
UCKL1,TRUE,TRUE,TRUE,TRUE,4
ATCAY,TRUE,TRUE,TRUE,FALSE,3
SLC25A23,TRUE,TRUE,TRUE,TRUE,4
STXBP2,TRUE,TRUE,TRUE,FALSE,3
RHPN2,TRUE,TRUE,TRUE,TRUE,4
AIFM3,TRUE,TRUE,TRUE,TRUE,4
NEFH,TRUE,TRUE,TRUE,TRUE,4
LINC00320,TRUE,TRUE,TRUE,TRUE,4
PGD,TRUE,TRUE,TRUE,TRUE,4
THEMIS2,TRUE,TRUE,TRUE,FALSE,3
GBP2,TRUE,TRUE,TRUE,TRUE,4
RTCA-AS1,TRUE,TRUE,TRUE,TRUE,4
C1orf162,TRUE,TRUE,TRUE,FALSE,3
ARNT,TRUE,TRUE,TRUE,TRUE,4
GPR161,TRUE,TRUE,TRUE,TRUE,4
PTPN14,TRUE,TRUE,TRUE,TRUE,4
NTPCR,TRUE,FALSE,FALSE,FALSE,1
INSIG2,TRUE,TRUE,TRUE,FALSE,3
GYPC,TRUE,TRUE,TRUE,TRUE,4
ABHD14A-ACY1,TRUE,TRUE,TRUE,TRUE,4
POC1A,TRUE,TRUE,TRUE,TRUE,4
RBP1,TRUE,TRUE,TRUE,TRUE,4
SDAD1,TRUE,TRUE,TRUE,FALSE,3
TMEM144,TRUE,TRUE,TRUE,TRUE,4
REEP2,TRUE,TRUE,TRUE,TRUE,4
CLK4,TRUE,TRUE,TRUE,TRUE,4
TUBE1,TRUE,FALSE,FALSE,TRUE,2
ADCYAP1R1,TRUE,TRUE,TRUE,TRUE,4
RALA,TRUE,TRUE,TRUE,TRUE,4
COA1,TRUE,TRUE,TRUE,TRUE,4
POMZP3,TRUE,TRUE,TRUE,TRUE,4
NPM2,TRUE,FALSE,TRUE,TRUE,3
GNRH1,TRUE,TRUE,TRUE,TRUE,4
PMP2,TRUE,TRUE,FALSE,FALSE,2
GSN,TRUE,TRUE,TRUE,TRUE,4
PPP6R3,TRUE,TRUE,TRUE,TRUE,4
OAF,TRUE,TRUE,TRUE,FALSE,3
WAC,TRUE,TRUE,TRUE,TRUE,4
LINC00865,TRUE,FALSE,FALSE,TRUE,2
SFXN3,TRUE,TRUE,TRUE,FALSE,3
ACADSB,TRUE,TRUE,TRUE,TRUE,4
RIMKLB,TRUE,TRUE,TRUE,FALSE,3
MAGOHB,TRUE,TRUE,TRUE,FALSE,3
CALCOCO1,TRUE,TRUE,TRUE,FALSE,3
PHLDA1,TRUE,TRUE,TRUE,TRUE,4
N4BP2L2,TRUE,TRUE,TRUE,TRUE,4
NDRG2,TRUE,TRUE,TRUE,TRUE,4
SAV1,TRUE,TRUE,TRUE,TRUE,4
NGB,TRUE,TRUE,TRUE,TRUE,4
NRDE2,TRUE,TRUE,TRUE,TRUE,4
UBE3A,TRUE,TRUE,TRUE,TRUE,4
PLCB2,TRUE,TRUE,TRUE,TRUE,4
GNB5,TRUE,TRUE,TRUE,TRUE,4
CTSH,TRUE,TRUE,TRUE,TRUE,4
MCRIP2,TRUE,TRUE,TRUE,TRUE,4
LINC02192,TRUE,TRUE,TRUE,TRUE,4
DOK4,TRUE,TRUE,TRUE,TRUE,4
P2RX5-TAX1BP3,TRUE,FALSE,FALSE,FALSE,1
ALDH3A2,TRUE,TRUE,TRUE,TRUE,4
CCL2,TRUE,TRUE,TRUE,TRUE,4
G6PC3,TRUE,TRUE,TRUE,TRUE,4
LINC01971,TRUE,FALSE,FALSE,FALSE,1
HGS,TRUE,TRUE,TRUE,TRUE,4
MRO,TRUE,TRUE,TRUE,TRUE,4
SNAP25,TRUE,TRUE,TRUE,TRUE,4
KIF3B,TRUE,TRUE,TRUE,TRUE,4
ZNF724,TRUE,FALSE,TRUE,TRUE,3
FXYD1,TRUE,TRUE,TRUE,TRUE,4
FUZ,TRUE,TRUE,TRUE,TRUE,4
NCAPH2,TRUE,TRUE,FALSE,TRUE,3
MEG3,TRUE,TRUE,TRUE,TRUE,4
MAPRE3,TRUE,TRUE,TRUE,FALSE,3
FAM200B,TRUE,TRUE,TRUE,TRUE,4
NAPEPLD,TRUE,TRUE,TRUE,TRUE,4
SLC26A4-AS1,TRUE,TRUE,TRUE,TRUE,4
NKAIN3,TRUE,TRUE,TRUE,TRUE,4
ZDHHC6,TRUE,TRUE,TRUE,TRUE,4
SLTM,TRUE,TRUE,TRUE,FALSE,3
ETHE1,TRUE,TRUE,TRUE,TRUE,4
SREBF2,TRUE,TRUE,TRUE,TRUE,4
EFHD1,TRUE,TRUE,TRUE,TRUE,4
SRD5A1,TRUE,TRUE,TRUE,TRUE,4
RNF146,TRUE,TRUE,TRUE,TRUE,4
PIN4,TRUE,TRUE,TRUE,FALSE,3
UBE2A,TRUE,TRUE,TRUE,FALSE,3
STXBP1,TRUE,TRUE,TRUE,FALSE,3
TAF10,TRUE,TRUE,TRUE,TRUE,4
ZNF487,TRUE,TRUE,TRUE,TRUE,4
AMN1,TRUE,TRUE,TRUE,TRUE,4
CRYL1,TRUE,TRUE,TRUE,TRUE,4
ARID4A,TRUE,TRUE,TRUE,TRUE,4
DYNC1H1,TRUE,TRUE,TRUE,TRUE,4
SNRPN,TRUE,TRUE,TRUE,TRUE,4
NR2F2,TRUE,TRUE,TRUE,FALSE,3
GAS7,TRUE,TRUE,TRUE,TRUE,4
EPOP,TRUE,TRUE,TRUE,TRUE,4
CST3,TRUE,TRUE,TRUE,TRUE,4
REEP6,TRUE,TRUE,TRUE,TRUE,4
CNTN2,TRUE,TRUE,TRUE,TRUE,4
NRP2,TRUE,TRUE,TRUE,TRUE,4
MOBP,TRUE,TRUE,TRUE,TRUE,4
PCNP,TRUE,TRUE,TRUE,TRUE,4
CPNE4,TRUE,TRUE,TRUE,TRUE,4
BDH1,TRUE,TRUE,TRUE,TRUE,4
NSMF,TRUE,TRUE,TRUE,TRUE,4
SPTY2D1,TRUE,TRUE,FALSE,FALSE,2
LRRC27,TRUE,TRUE,TRUE,TRUE,4
TNS2,TRUE,TRUE,TRUE,TRUE,4
ALDH2,TRUE,TRUE,TRUE,TRUE,4
TSC22D1,TRUE,TRUE,TRUE,TRUE,4
ZNF75A,TRUE,TRUE,TRUE,TRUE,4
PRMT2,TRUE,TRUE,TRUE,TRUE,4
GSTM3,TRUE,TRUE,TRUE,TRUE,4
SUCLG1,TRUE,TRUE,TRUE,TRUE,4
GNAI2,TRUE,TRUE,TRUE,TRUE,4
MYNN,TRUE,FALSE,FALSE,FALSE,1
PAIP2,TRUE,TRUE,TRUE,TRUE,4
PABPC1,TRUE,TRUE,TRUE,TRUE,4
SBNO1,TRUE,TRUE,TRUE,TRUE,4
NUMB,TRUE,TRUE,TRUE,TRUE,4
ZNF276,TRUE,TRUE,TRUE,FALSE,3
ZNF208,TRUE,TRUE,TRUE,TRUE,4
YTHDF2,TRUE,TRUE,TRUE,TRUE,4
DMAP1,TRUE,FALSE,TRUE,FALSE,2
TMEM69,TRUE,TRUE,FALSE,FALSE,2
MINDY1,TRUE,TRUE,TRUE,TRUE,4
ZNF672,TRUE,TRUE,TRUE,TRUE,4
MRPL33,TRUE,TRUE,TRUE,TRUE,4
FASTKD2,TRUE,TRUE,TRUE,TRUE,4
GOLIM4,TRUE,TRUE,TRUE,TRUE,4
SMIM32,TRUE,TRUE,FALSE,FALSE,2
EPM2A,TRUE,TRUE,TRUE,TRUE,4
DLL1,TRUE,TRUE,TRUE,TRUE,4
NUPR2,TRUE,TRUE,FALSE,FALSE,2
CTPS2,TRUE,TRUE,TRUE,TRUE,4
CKS2,TRUE,FALSE,TRUE,TRUE,3
UBE4A,TRUE,TRUE,TRUE,FALSE,3
SEPHS1,TRUE,TRUE,FALSE,FALSE,2
STK32C,TRUE,TRUE,TRUE,TRUE,4
ORMDL2,TRUE,FALSE,TRUE,TRUE,3
LCP1,TRUE,TRUE,FALSE,TRUE,3
UTP14C,TRUE,TRUE,TRUE,TRUE,4
CENPT,TRUE,FALSE,TRUE,TRUE,3
PCIF1,TRUE,TRUE,TRUE,TRUE,4
ELL,TRUE,TRUE,TRUE,TRUE,4
URI1,TRUE,TRUE,TRUE,TRUE,4
NDUFA3,TRUE,TRUE,TRUE,TRUE,4
SNAP29,TRUE,TRUE,TRUE,FALSE,3
PLEKHG5,TRUE,TRUE,TRUE,TRUE,4
RHOC,TRUE,TRUE,TRUE,FALSE,3
SENP2,TRUE,TRUE,TRUE,TRUE,4
DNAJB11,TRUE,TRUE,TRUE,TRUE,4
MAPK9,TRUE,TRUE,TRUE,FALSE,3
FAM8A1,TRUE,TRUE,TRUE,TRUE,4
FAM184A,TRUE,TRUE,TRUE,TRUE,4
IQCE,TRUE,TRUE,TRUE,TRUE,4
THAP1,TRUE,TRUE,TRUE,TRUE,4
TERF1,TRUE,TRUE,TRUE,TRUE,4
DPP7,TRUE,TRUE,TRUE,TRUE,4
AMBRA1,TRUE,TRUE,TRUE,FALSE,3
PPP3CB,TRUE,TRUE,TRUE,TRUE,4
AKT1,TRUE,TRUE,TRUE,TRUE,4
MAP2K2,TRUE,TRUE,TRUE,TRUE,4
AZIN2,TRUE,TRUE,TRUE,TRUE,4
MFF,TRUE,TRUE,TRUE,TRUE,4
SLC30A9,TRUE,TRUE,TRUE,TRUE,4
CANX,TRUE,TRUE,TRUE,TRUE,4
HBB,TRUE,TRUE,TRUE,TRUE,4
TXNRD2,TRUE,TRUE,FALSE,TRUE,3
PLP1,TRUE,TRUE,TRUE,TRUE,4
MALAT1,TRUE,TRUE,TRUE,TRUE,4
RAP1GAP,TRUE,TRUE,TRUE,TRUE,4
PEX6,TRUE,TRUE,TRUE,FALSE,3
TPM4,TRUE,TRUE,TRUE,TRUE,4
TOM1,TRUE,TRUE,TRUE,FALSE,3
ACP6,TRUE,TRUE,TRUE,TRUE,4
RPL31,TRUE,TRUE,TRUE,TRUE,4
TRA2B,TRUE,TRUE,TRUE,FALSE,3
NINJ1,TRUE,TRUE,TRUE,TRUE,4
ATP23,TRUE,TRUE,TRUE,TRUE,4
ANGEL1,TRUE,TRUE,TRUE,TRUE,4
STAC2,TRUE,TRUE,TRUE,TRUE,4
RBFOX2,TRUE,TRUE,TRUE,TRUE,4
NIPAL3,TRUE,TRUE,TRUE,TRUE,4
GFPT2,TRUE,TRUE,TRUE,TRUE,4
PPP1R14C,TRUE,TRUE,TRUE,TRUE,4
RPP25,TRUE,TRUE,TRUE,TRUE,4
PAFAH1B1,TRUE,TRUE,TRUE,TRUE,4
HDAC3,TRUE,TRUE,TRUE,TRUE,4
NSFL1C,TRUE,TRUE,TRUE,FALSE,3
XPO6,TRUE,TRUE,TRUE,TRUE,4
TMEM222,TRUE,TRUE,TRUE,FALSE,3
PSMB4,TRUE,TRUE,TRUE,TRUE,4
DNAJC10,TRUE,TRUE,TRUE,TRUE,4
HSPBAP1,TRUE,TRUE,TRUE,TRUE,4
EPHB1,TRUE,TRUE,TRUE,TRUE,4
QKI,TRUE,TRUE,TRUE,TRUE,4
TMEM68,TRUE,TRUE,TRUE,TRUE,4
TM9SF3,TRUE,TRUE,TRUE,TRUE,4
OVCH1-AS1,TRUE,TRUE,TRUE,FALSE,3
CSRNP2,TRUE,FALSE,TRUE,TRUE,3
SNRNP35,TRUE,TRUE,FALSE,FALSE,2
SP110,TRUE,TRUE,TRUE,TRUE,4
TMEM184C,TRUE,TRUE,TRUE,TRUE,4
FDX1,TRUE,FALSE,TRUE,TRUE,3
COX20,TRUE,TRUE,TRUE,TRUE,4
LRPPRC,TRUE,TRUE,TRUE,TRUE,4
CYP20A1,TRUE,TRUE,TRUE,TRUE,4
PDGFRA,TRUE,TRUE,TRUE,FALSE,3
KATNA1,TRUE,TRUE,TRUE,TRUE,4
ELP3,TRUE,TRUE,TRUE,TRUE,4
PTPRD-AS1,TRUE,TRUE,TRUE,FALSE,3
CDC26,TRUE,TRUE,TRUE,FALSE,3
AP2A2,TRUE,TRUE,TRUE,TRUE,4
RPS29,TRUE,TRUE,TRUE,TRUE,4
VRK1,TRUE,TRUE,TRUE,TRUE,4
C17orf75,TRUE,TRUE,TRUE,FALSE,3
CASC3,TRUE,TRUE,TRUE,TRUE,4
RNF115,TRUE,TRUE,TRUE,TRUE,4
ACTN2,TRUE,TRUE,TRUE,FALSE,3
GREB1,TRUE,TRUE,TRUE,FALSE,3
NDUFA10,TRUE,TRUE,TRUE,TRUE,4
COL9A1,TRUE,TRUE,TRUE,TRUE,4
ING3,TRUE,TRUE,TRUE,TRUE,4
MRPL48,TRUE,TRUE,TRUE,TRUE,4
PVALB,TRUE,TRUE,TRUE,TRUE,4
NSUN4,TRUE,TRUE,TRUE,FALSE,3
USF1,TRUE,FALSE,FALSE,FALSE,1
SOX11,TRUE,FALSE,FALSE,FALSE,1
FAM168B,TRUE,TRUE,TRUE,TRUE,4
CTNNB1,TRUE,TRUE,TRUE,TRUE,4
SS18L2,TRUE,TRUE,TRUE,TRUE,4
CETN3,TRUE,FALSE,TRUE,FALSE,2
PPP1R18,TRUE,TRUE,TRUE,TRUE,4
TSIX,TRUE,TRUE,TRUE,FALSE,3
ERICH1,TRUE,TRUE,TRUE,TRUE,4
RIDA,TRUE,TRUE,TRUE,TRUE,4
MORN5,TRUE,TRUE,TRUE,FALSE,3
UCK1,TRUE,TRUE,TRUE,TRUE,4
CTSC,TRUE,TRUE,TRUE,TRUE,4
TMEM106C,TRUE,TRUE,TRUE,TRUE,4
RILPL2,TRUE,TRUE,TRUE,FALSE,3
SOX1,TRUE,TRUE,TRUE,TRUE,4
UPF3A,TRUE,TRUE,TRUE,TRUE,4
GATM,TRUE,TRUE,TRUE,TRUE,4
RABEP2,TRUE,TRUE,TRUE,TRUE,4
CBFB,TRUE,TRUE,TRUE,TRUE,4
MRPL13,TRUE,TRUE,TRUE,TRUE,4
CSTF3,TRUE,TRUE,TRUE,FALSE,3
TACC2,TRUE,TRUE,TRUE,TRUE,4
DRG2,TRUE,TRUE,TRUE,TRUE,4
GLIDR,TRUE,TRUE,TRUE,TRUE,4
TBC1D20,TRUE,TRUE,TRUE,TRUE,4
NBPF1,TRUE,TRUE,TRUE,TRUE,4
TMEM158,TRUE,TRUE,TRUE,TRUE,4
ATP6V0E1,TRUE,TRUE,TRUE,TRUE,4
RPF2,TRUE,TRUE,FALSE,TRUE,3
HEPACAM,TRUE,TRUE,FALSE,TRUE,3
RRAD,TRUE,TRUE,FALSE,FALSE,2
TOP3A,TRUE,TRUE,TRUE,TRUE,4
C1QA,TRUE,FALSE,FALSE,FALSE,1
ACADM,TRUE,FALSE,FALSE,TRUE,2
FCER1G,TRUE,FALSE,FALSE,FALSE,1
LINC02035,TRUE,TRUE,TRUE,TRUE,4
MRS2,TRUE,TRUE,TRUE,TRUE,4
LST1,TRUE,FALSE,FALSE,FALSE,1
RNASET2,TRUE,TRUE,FALSE,FALSE,2
HACD4,TRUE,TRUE,TRUE,TRUE,4
NRARP,TRUE,FALSE,TRUE,TRUE,3
CALHM2,TRUE,TRUE,TRUE,TRUE,4
ANP32A,TRUE,TRUE,TRUE,TRUE,4
C3,TRUE,TRUE,FALSE,FALSE,2
CEBPA,TRUE,TRUE,TRUE,TRUE,4
HAMP,TRUE,TRUE,TRUE,TRUE,4
AXL,TRUE,TRUE,TRUE,TRUE,4
APOC1,TRUE,TRUE,TRUE,TRUE,4
PARVG,TRUE,TRUE,FALSE,FALSE,2
VAMP3,TRUE,TRUE,TRUE,TRUE,4
ILKAP,TRUE,TRUE,TRUE,TRUE,4
GUSB,TRUE,TRUE,TRUE,TRUE,4
SYTL4,TRUE,TRUE,TRUE,FALSE,3
INTS8,TRUE,TRUE,TRUE,TRUE,4
STX17,TRUE,TRUE,TRUE,TRUE,4
ZCCHC24,TRUE,TRUE,TRUE,TRUE,4
SNW1,TRUE,TRUE,TRUE,FALSE,3
NAE1,TRUE,TRUE,TRUE,TRUE,4
CYB5B,TRUE,TRUE,TRUE,FALSE,3
TCF25,TRUE,TRUE,TRUE,TRUE,4
PHF20,TRUE,TRUE,TRUE,TRUE,4
OSER1-DT,TRUE,TRUE,TRUE,TRUE,4
PGPEP1,TRUE,TRUE,TRUE,TRUE,4
C1QC,TRUE,FALSE,TRUE,FALSE,2
CSF3R,TRUE,FALSE,FALSE,FALSE,1
SLC2A1,TRUE,TRUE,TRUE,TRUE,4
TMEM125,TRUE,TRUE,TRUE,TRUE,4
PRKAA2,TRUE,TRUE,TRUE,TRUE,4
PHGDH,TRUE,TRUE,TRUE,TRUE,4
IFI16,TRUE,TRUE,TRUE,TRUE,4
KDM5B,TRUE,TRUE,TRUE,TRUE,4
SERTAD4-AS1,TRUE,TRUE,TRUE,TRUE,4
CXCR4,TRUE,TRUE,TRUE,TRUE,4
ZEB2-AS1,TRUE,TRUE,TRUE,FALSE,3
HSPE1,TRUE,TRUE,TRUE,TRUE,4
PDE6D,TRUE,FALSE,FALSE,FALSE,1
SH3BP4,TRUE,FALSE,TRUE,TRUE,3
CPOX,TRUE,TRUE,TRUE,TRUE,4
ERICH6-AS1,TRUE,TRUE,TRUE,FALSE,3
MYL5,TRUE,TRUE,TRUE,TRUE,4
IGFBP7,TRUE,TRUE,TRUE,TRUE,4
UBA6,TRUE,TRUE,TRUE,TRUE,4
ETNPPL,TRUE,TRUE,TRUE,TRUE,4
USP53,TRUE,TRUE,TRUE,TRUE,4
CEP72,TRUE,FALSE,TRUE,TRUE,3
SELENOP,TRUE,TRUE,TRUE,TRUE,4
UTP15,TRUE,TRUE,TRUE,TRUE,4
RAD50,TRUE,TRUE,TRUE,FALSE,3
DAAM2,TRUE,TRUE,TRUE,TRUE,4
ZUP1,TRUE,TRUE,TRUE,TRUE,4
SOD2,TRUE,FALSE,FALSE,TRUE,2
THAP5,TRUE,FALSE,FALSE,FALSE,1
RAB9A,TRUE,TRUE,TRUE,TRUE,4
NBDY,TRUE,TRUE,TRUE,TRUE,4
IRS4,TRUE,FALSE,FALSE,FALSE,1
HAUS6,TRUE,FALSE,TRUE,FALSE,2
AIF1L,TRUE,TRUE,TRUE,TRUE,4
RPS6KB2,TRUE,TRUE,TRUE,FALSE,3
IFIT1,TRUE,TRUE,TRUE,TRUE,4
OPALIN,TRUE,TRUE,TRUE,TRUE,4
FUOM,TRUE,TRUE,TRUE,FALSE,3
SPX,TRUE,TRUE,TRUE,TRUE,4
GPALPP1,TRUE,TRUE,TRUE,TRUE,4
DIS3,TRUE,TRUE,TRUE,FALSE,3
ING1,TRUE,TRUE,TRUE,TRUE,4
CLUAP1,TRUE,TRUE,TRUE,TRUE,4
LITAF,TRUE,TRUE,FALSE,TRUE,3
HPR,TRUE,TRUE,TRUE,TRUE,4
DLG4,TRUE,TRUE,TRUE,TRUE,4
LIG3,TRUE,TRUE,TRUE,TRUE,4
TADA2A,TRUE,TRUE,TRUE,FALSE,3
MLX,TRUE,TRUE,TRUE,FALSE,3
METTL23,TRUE,TRUE,TRUE,TRUE,4
LAMA3,TRUE,TRUE,TRUE,TRUE,4
ZNF43,TRUE,TRUE,TRUE,TRUE,4
PPP1R14A,TRUE,FALSE,FALSE,FALSE,1
ZNF780A,TRUE,TRUE,TRUE,TRUE,4
PICK1,TRUE,TRUE,TRUE,TRUE,4
CFAP298,TRUE,FALSE,FALSE,TRUE,2
FOXD1,TRUE,FALSE,TRUE,FALSE,2
ID3,FALSE,TRUE,FALSE,TRUE,2
AK2,FALSE,TRUE,TRUE,TRUE,3
FZD7,FALSE,TRUE,TRUE,TRUE,3
DTYMK,FALSE,TRUE,TRUE,TRUE,3
TFRC,FALSE,TRUE,TRUE,FALSE,2
SLC30A5,FALSE,TRUE,TRUE,FALSE,2
LMNB1,FALSE,TRUE,TRUE,TRUE,3
ACSL6,FALSE,TRUE,TRUE,TRUE,3
RING1,FALSE,TRUE,TRUE,TRUE,3
MTO1,FALSE,TRUE,FALSE,FALSE,1
MTERF1,FALSE,TRUE,TRUE,TRUE,3
FAM50A,FALSE,TRUE,TRUE,TRUE,3
SPTLC1,FALSE,TRUE,TRUE,TRUE,3
BBOX1,FALSE,TRUE,TRUE,FALSE,2
TMEM216,FALSE,TRUE,TRUE,TRUE,3
FADS1,FALSE,TRUE,TRUE,TRUE,3
FAM181B,FALSE,TRUE,TRUE,TRUE,3
ASAH2B,FALSE,TRUE,TRUE,FALSE,2
SLC6A13,FALSE,TRUE,TRUE,TRUE,3
ESRRB,FALSE,TRUE,TRUE,FALSE,2
SCAMP2,FALSE,TRUE,TRUE,TRUE,3
TNFRSF12A,FALSE,TRUE,TRUE,TRUE,3
ENO3,FALSE,TRUE,TRUE,TRUE,3
GOSR1,FALSE,TRUE,TRUE,TRUE,3
FXYD3,FALSE,TRUE,FALSE,FALSE,1
ZNF470,FALSE,TRUE,TRUE,FALSE,2
TSPO,FALSE,TRUE,TRUE,TRUE,3
IFITM2,FALSE,TRUE,TRUE,TRUE,3
RPL22,FALSE,TRUE,TRUE,TRUE,3
PLA2G5,FALSE,TRUE,TRUE,FALSE,2
IFI6,FALSE,TRUE,TRUE,TRUE,3
DNTTIP2,FALSE,TRUE,TRUE,TRUE,3
NRAS,FALSE,TRUE,TRUE,TRUE,3
CELF3,FALSE,TRUE,TRUE,TRUE,3
UBAP2L,FALSE,TRUE,TRUE,TRUE,3
LGALSL,FALSE,TRUE,TRUE,TRUE,3
METTL5,FALSE,TRUE,TRUE,TRUE,3
PLA2G12A,FALSE,TRUE,TRUE,TRUE,3
AMACR,FALSE,TRUE,TRUE,TRUE,3
BLOC1S5-TXNDC5,FALSE,TRUE,TRUE,FALSE,2
ABHD16A,FALSE,TRUE,TRUE,TRUE,3
ZNRF2,FALSE,TRUE,TRUE,TRUE,3
FAM104B,FALSE,TRUE,TRUE,FALSE,2
TCEA1,FALSE,TRUE,TRUE,TRUE,3
EIF3F,FALSE,TRUE,TRUE,FALSE,2
CPSF7,FALSE,TRUE,TRUE,TRUE,3
MED17,FALSE,TRUE,TRUE,TRUE,3
EIF5AL1,FALSE,TRUE,TRUE,FALSE,2
DDX23,FALSE,TRUE,TRUE,TRUE,3
TMCO3,FALSE,TRUE,TRUE,TRUE,3
MGAT2,FALSE,TRUE,TRUE,TRUE,3
COX16,FALSE,TRUE,TRUE,TRUE,3
UBR7,FALSE,TRUE,TRUE,TRUE,3
ZFP90,FALSE,TRUE,TRUE,TRUE,3
CHMP1A,FALSE,TRUE,TRUE,TRUE,3
LSM12,FALSE,TRUE,TRUE,TRUE,3
MED16,FALSE,TRUE,TRUE,TRUE,3
YIPF2,FALSE,TRUE,TRUE,TRUE,3
SCGB1B2P,FALSE,TRUE,TRUE,TRUE,3
CNFN,FALSE,TRUE,TRUE,TRUE,3
CCDC61,FALSE,TRUE,TRUE,TRUE,3
GRWD1,FALSE,TRUE,TRUE,TRUE,3
PDXP,FALSE,TRUE,TRUE,TRUE,3
KDM1A,FALSE,TRUE,TRUE,TRUE,3
SHC1,FALSE,TRUE,TRUE,TRUE,3
CPSF3,FALSE,TRUE,TRUE,TRUE,3
ADIRF,FALSE,TRUE,TRUE,FALSE,2
PAM16,FALSE,TRUE,TRUE,FALSE,2
ZSWIM7,FALSE,TRUE,FALSE,TRUE,2
EPS8L1,FALSE,TRUE,FALSE,TRUE,2
DYRK4,FALSE,TRUE,TRUE,FALSE,2
PCTP,FALSE,TRUE,TRUE,TRUE,3
TMEM218,FALSE,TRUE,TRUE,TRUE,3
NAXD,FALSE,TRUE,FALSE,TRUE,2
PSMG4,FALSE,TRUE,TRUE,TRUE,3
ADAM9,FALSE,TRUE,TRUE,TRUE,3
ANXA11,FALSE,TRUE,TRUE,TRUE,3
TMEM88,FALSE,TRUE,TRUE,FALSE,2
CRYZ,FALSE,TRUE,TRUE,FALSE,2
KRTCAP2,FALSE,TRUE,TRUE,TRUE,3
ZBTB11-AS1,FALSE,TRUE,FALSE,FALSE,1
COX17,FALSE,TRUE,TRUE,FALSE,2
GCLC,FALSE,TRUE,TRUE,TRUE,3
CROT,FALSE,TRUE,TRUE,TRUE,3
ZNF771,FALSE,TRUE,TRUE,TRUE,3
CD52,FALSE,TRUE,TRUE,TRUE,3
NMB,FALSE,TRUE,TRUE,TRUE,3
MTFP1,FALSE,TRUE,FALSE,FALSE,1
DNAJB7,FALSE,TRUE,FALSE,FALSE,1
ZNF566,FALSE,TRUE,TRUE,FALSE,2
COMMD5,FALSE,TRUE,FALSE,FALSE,1
CHMP6,FALSE,TRUE,TRUE,TRUE,3
SLC27A5,FALSE,TRUE,TRUE,FALSE,2
RCC1,FALSE,TRUE,TRUE,TRUE,3
STARD3NL,FALSE,TRUE,TRUE,FALSE,2
SPA17,FALSE,TRUE,TRUE,FALSE,2
QPRT,FALSE,TRUE,TRUE,TRUE,3
HRCT1,FALSE,TRUE,TRUE,FALSE,2
ISG20,FALSE,TRUE,FALSE,TRUE,2
TYROBP,FALSE,TRUE,TRUE,TRUE,3
PPM1N,FALSE,TRUE,TRUE,TRUE,3
TMEM63A,FALSE,TRUE,TRUE,TRUE,3
UACA,FALSE,TRUE,TRUE,TRUE,3
ITGB4,FALSE,TRUE,FALSE,FALSE,1
CDH19,FALSE,TRUE,TRUE,FALSE,2
STPG1,FALSE,TRUE,FALSE,FALSE,1
LINC01819,FALSE,TRUE,TRUE,TRUE,3
P2RY1,FALSE,TRUE,TRUE,FALSE,2
MOG,FALSE,TRUE,TRUE,TRUE,3
TMC6,FALSE,TRUE,FALSE,TRUE,2
HAUS5,FALSE,TRUE,TRUE,TRUE,3
GGT5,FALSE,FALSE,TRUE,FALSE,1
THNSL2,FALSE,FALSE,TRUE,FALSE,1
OCIAD2,FALSE,FALSE,TRUE,FALSE,1
TAS2R1,FALSE,FALSE,TRUE,TRUE,2
SLCO2B1,FALSE,FALSE,TRUE,FALSE,1
STX16,FALSE,FALSE,TRUE,TRUE,2
RPL9,FALSE,FALSE,TRUE,TRUE,2
MGP,FALSE,FALSE,TRUE,FALSE,1
CTDNEP1,FALSE,FALSE,TRUE,FALSE,1
GID4,FALSE,FALSE,TRUE,FALSE,1
MYL9,FALSE,FALSE,TRUE,FALSE,1
BFAR,FALSE,FALSE,TRUE,FALSE,1
IFI27,FALSE,FALSE,TRUE,FALSE,1
CWC22,FALSE,FALSE,TRUE,FALSE,1
NUTM2A-AS1,FALSE,FALSE,TRUE,FALSE,1
SNRPF,FALSE,FALSE,TRUE,FALSE,1
ARL17A,FALSE,FALSE,TRUE,TRUE,2
LSP1,FALSE,FALSE,TRUE,FALSE,1
DBX2,FALSE,FALSE,TRUE,TRUE,2
CHURC1,FALSE,FALSE,TRUE,TRUE,2
TSNAXIP1,FALSE,FALSE,TRUE,FALSE,1
NIPSNAP3B,FALSE,FALSE,FALSE,TRUE,1
ATL3,FALSE,FALSE,FALSE,TRUE,1
RGS19,FALSE,FALSE,FALSE,TRUE,1
DNAJB4,FALSE,FALSE,FALSE,TRUE,1
MED7,FALSE,FALSE,FALSE,TRUE,1
FOXJ2,FALSE,FALSE,FALSE,TRUE,1
CEP83-DT,FALSE,FALSE,FALSE,TRUE,1
FGF14-AS2,FALSE,FALSE,FALSE,TRUE,1
S100A9,FALSE,FALSE,FALSE,TRUE,1
RASAL3,FALSE,FALSE,FALSE,TRUE,1
LINC01023,FALSE,FALSE,FALSE,TRUE,1
PTGDS,FALSE,FALSE,FALSE,TRUE,1
LYRM9,FALSE,FALSE,FALSE,TRUE,1
